client_id,round,dataset_size,n_classes,loss_before,acc_before,loss_after,acc_after,macro_f1_before,macro_f1_after,macro_f1_argmax,benign_fpr_argmax,f1_per_class_after,precision_per_class,recall_per_class,confusion_matrix_counts,confusion_matrix_normalized,confusion_matrix_class_names,fpr_after,pr_auc_after,threshold_tau,f1_bin_tau,benign_fpr_bin_tau,tau_bin,seed,weight_norm_before,weight_norm_after,weight_update_norm,grad_norm_l2,t_fit_ms,epochs_completed,lr,batch_size,macro_f1_global,macro_f1_personalized,benign_fpr_global,benign_fpr_personalized,personalization_gain,dp_epsilon,dp_delta,dp_sigma,dp_clip_norm,dp_sample_rate,dp_total_steps,dp_enabled,secure_aggregation,secure_aggregation_seed,secure_aggregation_mask_checksum
0,1,1430,10,2.363704204559326,0.045454545454545456,0.6911746382713317,0.7867132867132867,0.010317460317460317,0.39479835332255775,0.39479835332255775,0.10389610389610393,"{""0"": 0.7840909090909091, ""1"": 0.0, ""2"": 0.8, ""3"": 0.0, ""4"": 0.9217391304347826, ""5"": 0.8865979381443299, ""6"": 0.5555555555555556, ""7"": 0.0, ""8"": 0.0, ""9"": 0.0}","{""0"": 0.696969696969697, ""1"": 0.0, ""2"": 1.0, ""3"": 0.0, ""4"": 0.8548387096774194, ""5"": 0.8113207547169812, ""6"": 0.7142857142857143, ""7"": 0.0, ""8"": 0.0, ""9"": 0.0}","{""0"": 0.8961038961038961, ""1"": 0.0, ""2"": 0.6666666666666666, ""3"": 0.0, ""4"": 1.0, ""5"": 0.9772727272727273, ""6"": 0.45454545454545453, ""7"": 0.0, ""8"": 0.0, ""9"": 0.0}","[[69.0, 0.0, 0.0, 0.0, 4.0, 4.0, 0.0, 0.0, 0.0, 0.0], [9.0, 0.0, 0.0, 0.0, 0.0, 8.0, 0.0, 0.0, 0.0, 0.0], [1.0, 0.0, 12.0, 0.0, 3.0, 0.0, 2.0, 0.0, 0.0, 0.0], [13.0, 0.0, 0.0, 0.0, 0.0, 0.0, 0.0, 0.0, 0.0, 0.0], [0.0, 0.0, 0.0, 0.0, 53.0, 0.0, 0.0, 0.0, 0.0, 0.0], [2.0, 0.0, 0.0, 0.0, 0.0, 86.0, 0.0, 0.0, 0.0, 0.0], [3.0, 0.0, 0.0, 0.0, 2.0, 1.0, 5.0, 0.0, 0.0, 0.0], [0.0, 0.0, 0.0, 0.0, 0.0, 3.0, 0.0, 0.0, 0.0, 0.0], [1.0, 0.0, 0.0, 0.0, 0.0, 4.0, 0.0, 0.0, 0.0, 0.0], [1.0, 0.0, 0.0, 0.0, 0.0, 0.0, 0.0, 0.0, 0.0, 0.0]]","[[0.8961038961038961, 0.0, 0.0, 0.0, 0.05194805194805195, 0.05194805194805195, 0.0, 0.0, 0.0, 0.0], [0.5294117647058824, 0.0, 0.0, 0.0, 0.0, 0.47058823529411764, 0.0, 0.0, 0.0, 0.0], [0.05555555555555555, 0.0, 0.6666666666666666, 0.0, 0.16666666666666666, 0.0, 0.1111111111111111, 0.0, 0.0, 0.0], [1.0, 0.0, 0.0, 0.0, 0.0, 0.0, 0.0, 0.0, 0.0, 0.0], [0.0, 0.0, 0.0, 0.0, 1.0, 0.0, 0.0, 0.0, 0.0, 0.0], [0.022727272727272728, 0.0, 0.0, 0.0, 0.0, 0.9772727272727273, 0.0, 0.0, 0.0, 0.0], [0.2727272727272727, 0.0, 0.0, 0.0, 0.18181818181818182, 0.09090909090909091, 0.45454545454545453, 0.0, 0.0, 0.0], [0.0, 0.0, 0.0, 0.0, 0.0, 1.0, 0.0, 0.0, 0.0, 0.0], [0.2, 0.0, 0.0, 0.0, 0.0, 0.8, 0.0, 0.0, 0.0, 0.0], [1.0, 0.0, 0.0, 0.0, 0.0, 0.0, 0.0, 0.0, 0.0, 0.0]]","[""BENIGN"", ""FTP-PATATOR"", ""DOS GOLDENEYE"", ""SSH-PATATOR"", ""DDOS"", ""PORTSCAN"", ""DOS HULK"", ""WEB ATTACK \ufffd XSS"", ""WEB ATTACK \ufffd BRUTE FORCE"", ""WEB ATTACK \ufffd SQL INJECTION""]",0.07792207792207792,0.9781890297125249,0.8122889995574951,0.8772845953002611,0.07792207792207792,0.8122889995574951,,5.979510341394314,8.308678145040536,5.278111992041333,527.811224338397,1344.6423330024118,1,0.01,64,,,,,,,,,,,,False,False,,
0,2,1430,10,0.8154765129089355,0.7412587412587412,0.4263022243976593,0.9055944055944056,0.39177328351527557,0.6200091587188361,0.6200091587188361,0.1558441558441559,"{""0"": 0.9090909090909091, ""1"": 0.918918918918919, ""2"": 0.918918918918919, ""3"": 0.7741935483870968, ""4"": 0.954954954954955, ""5"": 0.946236559139785, ""6"": 0.7777777777777778, ""7"": 0.0, ""8"": 0.0, ""9"": 0.0}","{""0"": 0.9848484848484849, ""1"": 0.85, ""2"": 0.8947368421052632, ""3"": 0.6666666666666666, ""4"": 0.9137931034482759, ""5"": 0.8979591836734694, ""6"": 1.0, ""7"": 0.0, ""8"": 0.0, ""9"": 0.0}","{""0"": 0.8441558441558441, ""1"": 1.0, ""2"": 0.9444444444444444, ""3"": 0.9230769230769231, ""4"": 1.0, ""5"": 1.0, ""6"": 0.6363636363636364, ""7"": 0.0, ""8"": 0.0, ""9"": 0.0}","[[65.0, 2.0, 1.0, 4.0, 3.0, 2.0, 0.0, 0.0, 0.0, 0.0], [0.0, 17.0, 0.0, 0.0, 0.0, 0.0, 0.0, 0.0, 0.0, 0.0], [1.0, 0.0, 17.0, 0.0, 0.0, 0.0, 0.0, 0.0, 0.0, 0.0], [0.0, 1.0, 0.0, 12.0, 0.0, 0.0, 0.0, 0.0, 0.0, 0.0], [0.0, 0.0, 0.0, 0.0, 53.0, 0.0, 0.0, 0.0, 0.0, 0.0], [0.0, 0.0, 0.0, 0.0, 0.0, 88.0, 0.0, 0.0, 0.0, 0.0], [0.0, 0.0, 0.0, 0.0, 2.0, 2.0, 7.0, 0.0, 0.0, 0.0], [0.0, 0.0, 0.0, 0.0, 0.0, 3.0, 0.0, 0.0, 0.0, 0.0], [0.0, 0.0, 0.0, 2.0, 0.0, 3.0, 0.0, 0.0, 0.0, 0.0], [0.0, 0.0, 1.0, 0.0, 0.0, 0.0, 0.0, 0.0, 0.0, 0.0]]","[[0.8441558441558441, 0.025974025974025976, 0.012987012987012988, 0.05194805194805195, 0.03896103896103896, 0.025974025974025976, 0.0, 0.0, 0.0, 0.0], [0.0, 1.0, 0.0, 0.0, 0.0, 0.0, 0.0, 0.0, 0.0, 0.0], [0.05555555555555555, 0.0, 0.9444444444444444, 0.0, 0.0, 0.0, 0.0, 0.0, 0.0, 0.0], [0.0, 0.07692307692307693, 0.0, 0.9230769230769231, 0.0, 0.0, 0.0, 0.0, 0.0, 0.0], [0.0, 0.0, 0.0, 0.0, 1.0, 0.0, 0.0, 0.0, 0.0, 0.0], [0.0, 0.0, 0.0, 0.0, 0.0, 1.0, 0.0, 0.0, 0.0, 0.0], [0.0, 0.0, 0.0, 0.0, 0.18181818181818182, 0.18181818181818182, 0.6363636363636364, 0.0, 0.0, 0.0], [0.0, 0.0, 0.0, 0.0, 0.0, 1.0, 0.0, 0.0, 0.0, 0.0], [0.0, 0.0, 0.0, 0.4, 0.0, 0.6, 0.0, 0.0, 0.0, 0.0], [0.0, 0.0, 1.0, 0.0, 0.0, 0.0, 0.0, 0.0, 0.0, 0.0]]","[""BENIGN"", ""FTP-PATATOR"", ""DOS GOLDENEYE"", ""SSH-PATATOR"", ""DDOS"", ""PORTSCAN"", ""DOS HULK"", ""WEB ATTACK \ufffd XSS"", ""WEB ATTACK \ufffd BRUTE FORCE"", ""WEB ATTACK \ufffd SQL INJECTION""]",0.03896103896103896,0.9745327685042537,0.9350768327713013,0.9128205128205128,0.03896103896103896,0.9350768327713013,,7.8475859925128555,9.858893172616373,3.7817947669148166,378.17949261917323,111.94791700108908,1,0.01,64,,,,,,,,,,,,False,False,,
0,3,1430,10,0.2935794174671173,0.916083916083916,0.3273657500743866,0.9265734265734266,0.6326420898164018,0.6858642341722948,0.6858642341722948,0.11688311688311692,"{""0"": 0.9251700680272109, ""1"": 0.9444444444444444, ""2"": 0.918918918918919, ""3"": 0.8, ""4"": 0.9636363636363636, ""5"": 0.9832402234636871, ""6"": 0.7777777777777778, ""7"": 0.0, ""8"": 0.5454545454545454, ""9"": 0.0}","{""0"": 0.9714285714285714, ""1"": 0.8947368421052632, ""2"": 0.8947368421052632, ""3"": 0.7058823529411765, ""4"": 0.9298245614035088, ""5"": 0.967032967032967, ""6"": 1.0, ""7"": 0.0, ""8"": 0.5, ""9"": 0.0}","{""0"": 0.8831168831168831, ""1"": 1.0, ""2"": 0.9444444444444444, ""3"": 0.9230769230769231, ""4"": 1.0, ""5"": 1.0, ""6"": 0.6363636363636364, ""7"": 0.0, ""8"": 0.6, ""9"": 0.0}","[[68.0, 1.0, 1.0, 3.0, 2.0, 2.0, 0.0, 0.0, 0.0, 0.0], [0.0, 17.0, 0.0, 0.0, 0.0, 0.0, 0.0, 0.0, 0.0, 0.0], [1.0, 0.0, 17.0, 0.0, 0.0, 0.0, 0.0, 0.0, 0.0, 0.0], [0.0, 1.0, 0.0, 12.0, 0.0, 0.0, 0.0, 0.0, 0.0, 0.0], [0.0, 0.0, 0.0, 0.0, 53.0, 0.0, 0.0, 0.0, 0.0, 0.0], [0.0, 0.0, 0.0, 0.0, 0.0, 88.0, 0.0, 0.0, 0.0, 0.0], [1.0, 0.0, 0.0, 0.0, 2.0, 1.0, 7.0, 0.0, 0.0, 0.0], [0.0, 0.0, 0.0, 0.0, 0.0, 0.0, 0.0, 0.0, 3.0, 0.0], [0.0, 0.0, 0.0, 2.0, 0.0, 0.0, 0.0, 0.0, 3.0, 0.0], [0.0, 0.0, 1.0, 0.0, 0.0, 0.0, 0.0, 0.0, 0.0, 0.0]]","[[0.8831168831168831, 0.012987012987012988, 0.012987012987012988, 0.03896103896103896, 0.025974025974025976, 0.025974025974025976, 0.0, 0.0, 0.0, 0.0], [0.0, 1.0, 0.0, 0.0, 0.0, 0.0, 0.0, 0.0, 0.0, 0.0], [0.05555555555555555, 0.0, 0.9444444444444444, 0.0, 0.0, 0.0, 0.0, 0.0, 0.0, 0.0], [0.0, 0.07692307692307693, 0.0, 0.9230769230769231, 0.0, 0.0, 0.0, 0.0, 0.0, 0.0], [0.0, 0.0, 0.0, 0.0, 1.0, 0.0, 0.0, 0.0, 0.0, 0.0], [0.0, 0.0, 0.0, 0.0, 0.0, 1.0, 0.0, 0.0, 0.0, 0.0], [0.09090909090909091, 0.0, 0.0, 0.0, 0.18181818181818182, 0.09090909090909091, 0.6363636363636364, 0.0, 0.0, 0.0], [0.0, 0.0, 0.0, 0.0, 0.0, 0.0, 0.0, 0.0, 1.0, 0.0], [0.0, 0.0, 0.0, 0.4, 0.0, 0.0, 0.0, 0.0, 0.6, 0.0], [0.0, 0.0, 1.0, 0.0, 0.0, 0.0, 0.0, 0.0, 0.0, 0.0]]","[""BENIGN"", ""FTP-PATATOR"", ""DOS GOLDENEYE"", ""SSH-PATATOR"", ""DDOS"", ""PORTSCAN"", ""DOS HULK"", ""WEB ATTACK \ufffd XSS"", ""WEB ATTACK \ufffd BRUTE FORCE"", ""WEB ATTACK \ufffd SQL INJECTION""]",0.12987012987012986,0.9875414173922539,0.5583205223083496,0.971830985915493,0.12987012987012986,0.5583205223083496,,9.678335707735405,10.79479682992119,2.542729652718438,254.27296780621887,84.77708300051745,1,0.01,64,,,,,,,,,,,,False,False,,
0,4,1430,10,0.22521725073456764,0.9335664335664335,0.2407163769006729,0.9405594405594405,0.7011445921300495,0.7102517934484518,0.7102517934484518,0.09090909090909094,"{""0"": 0.9459459459459459, ""1"": 0.9444444444444444, ""2"": 0.9230769230769231, ""3"": 0.8888888888888888, ""4"": 0.9724770642201835, ""5"": 0.9832402234636871, ""6"": 0.7777777777777778, ""7"": 0.0, ""8"": 0.6666666666666666, ""9"": 0.0}","{""0"": 0.9859154929577465, ""1"": 0.8947368421052632, ""2"": 0.8571428571428571, ""3"": 0.8571428571428571, ""4"": 0.9464285714285714, ""5"": 0.967032967032967, ""6"": 1.0, ""7"": 0.0, ""8"": 0.5714285714285714, ""9"": 0.0}","{""0"": 0.9090909090909091, ""1"": 1.0, ""2"": 1.0, ""3"": 0.9230769230769231, ""4"": 1.0, ""5"": 1.0, ""6"": 0.6363636363636364, ""7"": 0.0, ""8"": 0.8, ""9"": 0.0}","[[70.0, 1.0, 1.0, 1.0, 2.0, 2.0, 0.0, 0.0, 0.0, 0.0], [0.0, 17.0, 0.0, 0.0, 0.0, 0.0, 0.0, 0.0, 0.0, 0.0], [0.0, 0.0, 18.0, 0.0, 0.0, 0.0, 0.0, 0.0, 0.0, 0.0], [0.0, 1.0, 0.0, 12.0, 0.0, 0.0, 0.0, 0.0, 0.0, 0.0], [0.0, 0.0, 0.0, 0.0, 53.0, 0.0, 0.0, 0.0, 0.0, 0.0], [0.0, 0.0, 0.0, 0.0, 0.0, 88.0, 0.0, 0.0, 0.0, 0.0], [1.0, 0.0, 1.0, 0.0, 1.0, 1.0, 7.0, 0.0, 0.0, 0.0], [0.0, 0.0, 0.0, 0.0, 0.0, 0.0, 0.0, 0.0, 3.0, 0.0], [0.0, 0.0, 0.0, 1.0, 0.0, 0.0, 0.0, 0.0, 4.0, 0.0], [0.0, 0.0, 1.0, 0.0, 0.0, 0.0, 0.0, 0.0, 0.0, 0.0]]","[[0.9090909090909091, 0.012987012987012988, 0.012987012987012988, 0.012987012987012988, 0.025974025974025976, 0.025974025974025976, 0.0, 0.0, 0.0, 0.0], [0.0, 1.0, 0.0, 0.0, 0.0, 0.0, 0.0, 0.0, 0.0, 0.0], [0.0, 0.0, 1.0, 0.0, 0.0, 0.0, 0.0, 0.0, 0.0, 0.0], [0.0, 0.07692307692307693, 0.0, 0.9230769230769231, 0.0, 0.0, 0.0, 0.0, 0.0, 0.0], [0.0, 0.0, 0.0, 0.0, 1.0, 0.0, 0.0, 0.0, 0.0, 0.0], [0.0, 0.0, 0.0, 0.0, 0.0, 1.0, 0.0, 0.0, 0.0, 0.0], [0.09090909090909091, 0.0, 0.09090909090909091, 0.0, 0.09090909090909091, 0.09090909090909091, 0.6363636363636364, 0.0, 0.0, 0.0], [0.0, 0.0, 0.0, 0.0, 0.0, 0.0, 0.0, 0.0, 1.0, 0.0], [0.0, 0.0, 0.0, 0.2, 0.0, 0.0, 0.0, 0.0, 0.8, 0.0], [0.0, 0.0, 1.0, 0.0, 0.0, 0.0, 0.0, 0.0, 0.0, 0.0]]","[""BENIGN"", ""FTP-PATATOR"", ""DOS GOLDENEYE"", ""SSH-PATATOR"", ""DDOS"", ""PORTSCAN"", ""DOS HULK"", ""WEB ATTACK \ufffd XSS"", ""WEB ATTACK \ufffd BRUTE FORCE"", ""WEB ATTACK \ufffd SQL INJECTION""]",0.06493506493506493,0.9930613045425578,0.8408827185630798,0.973621103117506,0.06493506493506493,0.8408827185630798,,10.656506257737552,11.579139807857446,2.184759958307777,218.47600495246667,93.34183299506549,1,0.01,64,,,,,,,,,,,,False,False,,
0,5,1430,10,0.1955599244683981,0.9440559440559441,0.27213689014315606,0.9195804195804196,0.7164952236107119,0.6800530103617761,0.6800530103617761,0.1298701298701299,"{""0"": 0.9115646258503401, ""1"": 0.9444444444444444, ""2"": 0.9, ""3"": 0.8888888888888888, ""4"": 0.9724770642201835, ""5"": 0.9772727272727273, ""6"": 0.7058823529411765, ""7"": 0.0, ""8"": 0.5, ""9"": 0.0}","{""0"": 0.9571428571428572, ""1"": 0.8947368421052632, ""2"": 0.8181818181818182, ""3"": 0.8571428571428571, ""4"": 0.9464285714285714, ""5"": 0.9772727272727273, ""6"": 1.0, ""7"": 0.0, ""8"": 0.36363636363636365, ""9"": 0.0}","{""0"": 0.8701298701298701, ""1"": 1.0, ""2"": 1.0, ""3"": 0.9230769230769231, ""4"": 1.0, ""5"": 0.9772727272727273, ""6"": 0.5454545454545454, ""7"": 0.0, ""8"": 0.8, ""9"": 0.0}","[[67.0, 1.0, 1.0, 1.0, 2.0, 1.0, 0.0, 0.0, 4.0, 0.0], [0.0, 17.0, 0.0, 0.0, 0.0, 0.0, 0.0, 0.0, 0.0, 0.0], [0.0, 0.0, 18.0, 0.0, 0.0, 0.0, 0.0, 0.0, 0.0, 0.0], [0.0, 1.0, 0.0, 12.0, 0.0, 0.0, 0.0, 0.0, 0.0, 0.0], [0.0, 0.0, 0.0, 0.0, 53.0, 0.0, 0.0, 0.0, 0.0, 0.0], [2.0, 0.0, 0.0, 0.0, 0.0, 86.0, 0.0, 0.0, 0.0, 0.0], [1.0, 0.0, 2.0, 0.0, 1.0, 1.0, 6.0, 0.0, 0.0, 0.0], [0.0, 0.0, 0.0, 0.0, 0.0, 0.0, 0.0, 0.0, 3.0, 0.0], [0.0, 0.0, 0.0, 1.0, 0.0, 0.0, 0.0, 0.0, 4.0, 0.0], [0.0, 0.0, 1.0, 0.0, 0.0, 0.0, 0.0, 0.0, 0.0, 0.0]]","[[0.8701298701298701, 0.012987012987012988, 0.012987012987012988, 0.012987012987012988, 0.025974025974025976, 0.012987012987012988, 0.0, 0.0, 0.05194805194805195, 0.0], [0.0, 1.0, 0.0, 0.0, 0.0, 0.0, 0.0, 0.0, 0.0, 0.0], [0.0, 0.0, 1.0, 0.0, 0.0, 0.0, 0.0, 0.0, 0.0, 0.0], [0.0, 0.07692307692307693, 0.0, 0.9230769230769231, 0.0, 0.0, 0.0, 0.0, 0.0, 0.0], [0.0, 0.0, 0.0, 0.0, 1.0, 0.0, 0.0, 0.0, 0.0, 0.0], [0.022727272727272728, 0.0, 0.0, 0.0, 0.0, 0.9772727272727273, 0.0, 0.0, 0.0, 0.0], [0.09090909090909091, 0.0, 0.18181818181818182, 0.0, 0.09090909090909091, 0.09090909090909091, 0.5454545454545454, 0.0, 0.0, 0.0], [0.0, 0.0, 0.0, 0.0, 0.0, 0.0, 0.0, 0.0, 1.0, 0.0], [0.0, 0.0, 0.0, 0.2, 0.0, 0.0, 0.0, 0.0, 0.8, 0.0], [0.0, 0.0, 1.0, 0.0, 0.0, 0.0, 0.0, 0.0, 0.0, 0.0]]","[""BENIGN"", ""FTP-PATATOR"", ""DOS GOLDENEYE"", ""SSH-PATATOR"", ""DDOS"", ""PORTSCAN"", ""DOS HULK"", ""WEB ATTACK \ufffd XSS"", ""WEB ATTACK \ufffd BRUTE FORCE"", ""WEB ATTACK \ufffd SQL INJECTION""]",0.12987012987012986,0.9948398611788775,0.4697578549385071,0.9742388758782201,0.12987012987012986,0.4697578549385071,,11.358244545843315,11.932531521186299,2.126413305952242,212.64133261016897,89.13612501055468,1,0.01,64,,,,,,,,,,,,False,False,,
0,6,1430,10,0.1840037889778614,0.9370629370629371,0.24053866192698478,0.9335664335664335,0.700959145133457,0.7095821028292625,0.7095821028292625,0.09090909090909094,"{""0"": 0.9271523178807947, ""1"": 0.918918918918919, ""2"": 0.9444444444444444, ""3"": 0.8888888888888888, ""4"": 0.9724770642201835, ""5"": 0.9772727272727273, ""6"": 0.8, ""7"": 0.0, ""8"": 0.6666666666666666, ""9"": 0.0}","{""0"": 0.9459459459459459, ""1"": 0.85, ""2"": 0.9444444444444444, ""3"": 0.8571428571428571, ""4"": 0.9464285714285714, ""5"": 0.9772727272727273, ""6"": 0.8888888888888888, ""7"": 0.0, ""8"": 0.5714285714285714, ""9"": 0.0}","{""0"": 0.9090909090909091, ""1"": 1.0, ""2"": 0.9444444444444444, ""3"": 0.9230769230769231, ""4"": 1.0, ""5"": 0.9772727272727273, ""6"": 0.7272727272727273, ""7"": 0.0, ""8"": 0.8, ""9"": 0.0}","[[70.0, 2.0, 0.0, 1.0, 2.0, 1.0, 1.0, 0.0, 0.0, 0.0], [0.0, 17.0, 0.0, 0.0, 0.0, 0.0, 0.0, 0.0, 0.0, 0.0], [1.0, 0.0, 17.0, 0.0, 0.0, 0.0, 0.0, 0.0, 0.0, 0.0], [0.0, 1.0, 0.0, 12.0, 0.0, 0.0, 0.0, 0.0, 0.0, 0.0], [0.0, 0.0, 0.0, 0.0, 53.0, 0.0, 0.0, 0.0, 0.0, 0.0], [2.0, 0.0, 0.0, 0.0, 0.0, 86.0, 0.0, 0.0, 0.0, 0.0], [0.0, 0.0, 1.0, 0.0, 1.0, 1.0, 8.0, 0.0, 0.0, 0.0], [0.0, 0.0, 0.0, 0.0, 0.0, 0.0, 0.0, 0.0, 3.0, 0.0], [0.0, 0.0, 0.0, 1.0, 0.0, 0.0, 0.0, 0.0, 4.0, 0.0], [1.0, 0.0, 0.0, 0.0, 0.0, 0.0, 0.0, 0.0, 0.0, 0.0]]","[[0.9090909090909091, 0.025974025974025976, 0.0, 0.012987012987012988, 0.025974025974025976, 0.012987012987012988, 0.012987012987012988, 0.0, 0.0, 0.0], [0.0, 1.0, 0.0, 0.0, 0.0, 0.0, 0.0, 0.0, 0.0, 0.0], [0.05555555555555555, 0.0, 0.9444444444444444, 0.0, 0.0, 0.0, 0.0, 0.0, 0.0, 0.0], [0.0, 0.07692307692307693, 0.0, 0.9230769230769231, 0.0, 0.0, 0.0, 0.0, 0.0, 0.0], [0.0, 0.0, 0.0, 0.0, 1.0, 0.0, 0.0, 0.0, 0.0, 0.0], [0.022727272727272728, 0.0, 0.0, 0.0, 0.0, 0.9772727272727273, 0.0, 0.0, 0.0, 0.0], [0.0, 0.0, 0.09090909090909091, 0.0, 0.09090909090909091, 0.09090909090909091, 0.7272727272727273, 0.0, 0.0, 0.0], [0.0, 0.0, 0.0, 0.0, 0.0, 0.0, 0.0, 0.0, 1.0, 0.0], [0.0, 0.0, 0.0, 0.2, 0.0, 0.0, 0.0, 0.0, 0.8, 0.0], [1.0, 0.0, 0.0, 0.0, 0.0, 0.0, 0.0, 0.0, 0.0, 0.0]]","[""BENIGN"", ""FTP-PATATOR"", ""DOS GOLDENEYE"", ""SSH-PATATOR"", ""DDOS"", ""PORTSCAN"", ""DOS HULK"", ""WEB ATTACK \ufffd XSS"", ""WEB ATTACK \ufffd BRUTE FORCE"", ""WEB ATTACK \ufffd SQL INJECTION""]",0.03896103896103896,0.993304366623822,0.9160447120666504,0.9633251833740831,0.03896103896103896,0.9160447120666504,,11.85625265694037,12.389424602019757,1.9351338204484763,193.51338848104467,86.92370800417848,1,0.01,64,,,,,,,,,,,,False,False,,
0,7,1430,10,0.18801305927336215,0.9475524475524476,0.2016827691346407,0.951048951048951,0.7292356307783637,0.7123374216365079,0.7123374216365079,0.051948051948051965,"{""0"": 0.9668874172185431, ""1"": 0.9714285714285714, ""2"": 0.9473684210526315, ""3"": 0.8888888888888888, ""4"": 0.9724770642201835, ""5"": 0.9887640449438202, ""6"": 0.8421052631578947, ""7"": 0.0, ""8"": 0.5454545454545454, ""9"": 0.0}","{""0"": 0.9864864864864865, ""1"": 0.9444444444444444, ""2"": 0.9, ""3"": 0.8571428571428571, ""4"": 0.9464285714285714, ""5"": 0.9777777777777777, ""6"": 1.0, ""7"": 0.0, ""8"": 0.5, ""9"": 0.0}","{""0"": 0.948051948051948, ""1"": 1.0, ""2"": 1.0, ""3"": 0.9230769230769231, ""4"": 1.0, ""5"": 1.0, ""6"": 0.7272727272727273, ""7"": 0.0, ""8"": 0.6, ""9"": 0.0}","[[73.0, 0.0, 0.0, 1.0, 2.0, 1.0, 0.0, 0.0, 0.0, 0.0], [0.0, 17.0, 0.0, 0.0, 0.0, 0.0, 0.0, 0.0, 0.0, 0.0], [0.0, 0.0, 18.0, 0.0, 0.0, 0.0, 0.0, 0.0, 0.0, 0.0], [0.0, 1.0, 0.0, 12.0, 0.0, 0.0, 0.0, 0.0, 0.0, 0.0], [0.0, 0.0, 0.0, 0.0, 53.0, 0.0, 0.0, 0.0, 0.0, 0.0], [0.0, 0.0, 0.0, 0.0, 0.0, 88.0, 0.0, 0.0, 0.0, 0.0], [0.0, 0.0, 1.0, 0.0, 1.0, 1.0, 8.0, 0.0, 0.0, 0.0], [0.0, 0.0, 0.0, 0.0, 0.0, 0.0, 0.0, 0.0, 3.0, 0.0], [1.0, 0.0, 0.0, 1.0, 0.0, 0.0, 0.0, 0.0, 3.0, 0.0], [0.0, 0.0, 1.0, 0.0, 0.0, 0.0, 0.0, 0.0, 0.0, 0.0]]","[[0.948051948051948, 0.0, 0.0, 0.012987012987012988, 0.025974025974025976, 0.012987012987012988, 0.0, 0.0, 0.0, 0.0], [0.0, 1.0, 0.0, 0.0, 0.0, 0.0, 0.0, 0.0, 0.0, 0.0], [0.0, 0.0, 1.0, 0.0, 0.0, 0.0, 0.0, 0.0, 0.0, 0.0], [0.0, 0.07692307692307693, 0.0, 0.9230769230769231, 0.0, 0.0, 0.0, 0.0, 0.0, 0.0], [0.0, 0.0, 0.0, 0.0, 1.0, 0.0, 0.0, 0.0, 0.0, 0.0], [0.0, 0.0, 0.0, 0.0, 0.0, 1.0, 0.0, 0.0, 0.0, 0.0], [0.0, 0.0, 0.09090909090909091, 0.0, 0.09090909090909091, 0.09090909090909091, 0.7272727272727273, 0.0, 0.0, 0.0], [0.0, 0.0, 0.0, 0.0, 0.0, 0.0, 0.0, 0.0, 1.0, 0.0], [0.2, 0.0, 0.0, 0.2, 0.0, 0.0, 0.0, 0.0, 0.6, 0.0], [0.0, 0.0, 1.0, 0.0, 0.0, 0.0, 0.0, 0.0, 0.0, 0.0]]","[""BENIGN"", ""FTP-PATATOR"", ""DOS GOLDENEYE"", ""SSH-PATATOR"", ""DDOS"", ""PORTSCAN"", ""DOS HULK"", ""WEB ATTACK \ufffd XSS"", ""WEB ATTACK \ufffd BRUTE FORCE"", ""WEB ATTACK \ufffd SQL INJECTION""]",0.07792207792207792,0.995712249345962,0.45049023628234863,0.9858490566037735,0.07792207792207792,0.45049023628234863,,12.338792867251774,12.942841152364196,2.023264732588749,202.3264824976378,87.68820800469257,1,0.01,64,,,,,,,,,,,,False,False,,
0,8,1430,10,0.17899712081998587,0.9405594405594405,0.2226499706506729,0.9370629370629371,0.7179291996874042,0.7428820791139679,0.7428820791139679,0.09090909090909094,"{""0"": 0.9395973154362416, ""1"": 0.9444444444444444, ""2"": 0.9473684210526315, ""3"": 0.8888888888888888, ""4"": 0.9724770642201835, ""5"": 0.9772727272727273, ""6"": 0.8421052631578947, ""7"": 0.6666666666666666, ""8"": 0.25, ""9"": 0.0}","{""0"": 0.9722222222222222, ""1"": 0.8947368421052632, ""2"": 0.9, ""3"": 0.8571428571428571, ""4"": 0.9464285714285714, ""5"": 0.9772727272727273, ""6"": 1.0, ""7"": 0.5, ""8"": 0.3333333333333333, ""9"": 0.0}","{""0"": 0.9090909090909091, ""1"": 1.0, ""2"": 1.0, ""3"": 0.9230769230769231, ""4"": 1.0, ""5"": 0.9772727272727273, ""6"": 0.7272727272727273, ""7"": 1.0, ""8"": 0.2, ""9"": 0.0}","[[70.0, 1.0, 0.0, 1.0, 2.0, 1.0, 0.0, 0.0, 2.0, 0.0], [0.0, 17.0, 0.0, 0.0, 0.0, 0.0, 0.0, 0.0, 0.0, 0.0], [0.0, 0.0, 18.0, 0.0, 0.0, 0.0, 0.0, 0.0, 0.0, 0.0], [0.0, 1.0, 0.0, 12.0, 0.0, 0.0, 0.0, 0.0, 0.0, 0.0], [0.0, 0.0, 0.0, 0.0, 53.0, 0.0, 0.0, 0.0, 0.0, 0.0], [2.0, 0.0, 0.0, 0.0, 0.0, 86.0, 0.0, 0.0, 0.0, 0.0], [0.0, 0.0, 1.0, 0.0, 1.0, 1.0, 8.0, 0.0, 0.0, 0.0], [0.0, 0.0, 0.0, 0.0, 0.0, 0.0, 0.0, 3.0, 0.0, 0.0], [0.0, 0.0, 0.0, 1.0, 0.0, 0.0, 0.0, 3.0, 1.0, 0.0], [0.0, 0.0, 1.0, 0.0, 0.0, 0.0, 0.0, 0.0, 0.0, 0.0]]","[[0.9090909090909091, 0.012987012987012988, 0.0, 0.012987012987012988, 0.025974025974025976, 0.012987012987012988, 0.0, 0.0, 0.025974025974025976, 0.0], [0.0, 1.0, 0.0, 0.0, 0.0, 0.0, 0.0, 0.0, 0.0, 0.0], [0.0, 0.0, 1.0, 0.0, 0.0, 0.0, 0.0, 0.0, 0.0, 0.0], [0.0, 0.07692307692307693, 0.0, 0.9230769230769231, 0.0, 0.0, 0.0, 0.0, 0.0, 0.0], [0.0, 0.0, 0.0, 0.0, 1.0, 0.0, 0.0, 0.0, 0.0, 0.0], [0.022727272727272728, 0.0, 0.0, 0.0, 0.0, 0.9772727272727273, 0.0, 0.0, 0.0, 0.0], [0.0, 0.0, 0.09090909090909091, 0.0, 0.09090909090909091, 0.09090909090909091, 0.7272727272727273, 0.0, 0.0, 0.0], [0.0, 0.0, 0.0, 0.0, 0.0, 0.0, 0.0, 1.0, 0.0, 0.0], [0.0, 0.0, 0.0, 0.2, 0.0, 0.0, 0.0, 0.6, 0.2, 0.0], [0.0, 0.0, 1.0, 0.0, 0.0, 0.0, 0.0, 0.0, 0.0, 0.0]]","[""BENIGN"", ""FTP-PATATOR"", ""DOS GOLDENEYE"", ""SSH-PATATOR"", ""DDOS"", ""PORTSCAN"", ""DOS HULK"", ""WEB ATTACK \ufffd XSS"", ""WEB ATTACK \ufffd BRUTE FORCE"", ""WEB ATTACK \ufffd SQL INJECTION""]",0.06493506493506493,0.9961029943844537,0.7545914053916931,0.9760765550239234,0.06493506493506493,0.7545914053916931,,12.809923468273878,13.178559727629876,1.8896976811377564,188.969767751172,82.14016701094806,1,0.01,64,,,,,,,,,,,,False,False,,
0,9,1430,10,0.17263049744069575,0.9475524475524476,0.21336403340101243,0.9265734265734266,0.7193535743535744,0.6943497860295053,0.6943497860295053,0.1298701298701299,"{""0"": 0.9178082191780822, ""1"": 0.9714285714285714, ""2"": 0.9473684210526315, ""3"": 0.8571428571428571, ""4"": 0.9724770642201835, ""5"": 0.9772727272727273, ""6"": 0.8, ""7"": 0.0, ""8"": 0.5, ""9"": 0.0}","{""0"": 0.9710144927536232, ""1"": 0.9444444444444444, ""2"": 0.9, ""3"": 0.8, ""4"": 0.9464285714285714, ""5"": 0.9772727272727273, ""6"": 0.8888888888888888, ""7"": 0.0, ""8"": 0.36363636363636365, ""9"": 0.0}","{""0"": 0.8701298701298701, ""1"": 1.0, ""2"": 1.0, ""3"": 0.9230769230769231, ""4"": 1.0, ""5"": 0.9772727272727273, ""6"": 0.7272727272727273, ""7"": 0.0, ""8"": 0.8, ""9"": 0.0}","[[67.0, 0.0, 0.0, 2.0, 2.0, 1.0, 1.0, 0.0, 4.0, 0.0], [0.0, 17.0, 0.0, 0.0, 0.0, 0.0, 0.0, 0.0, 0.0, 0.0], [0.0, 0.0, 18.0, 0.0, 0.0, 0.0, 0.0, 0.0, 0.0, 0.0], [0.0, 1.0, 0.0, 12.0, 0.0, 0.0, 0.0, 0.0, 0.0, 0.0], [0.0, 0.0, 0.0, 0.0, 53.0, 0.0, 0.0, 0.0, 0.0, 0.0], [2.0, 0.0, 0.0, 0.0, 0.0, 86.0, 0.0, 0.0, 0.0, 0.0], [0.0, 0.0, 1.0, 0.0, 1.0, 1.0, 8.0, 0.0, 0.0, 0.0], [0.0, 0.0, 0.0, 0.0, 0.0, 0.0, 0.0, 0.0, 3.0, 0.0], [0.0, 0.0, 0.0, 1.0, 0.0, 0.0, 0.0, 0.0, 4.0, 0.0], [0.0, 0.0, 1.0, 0.0, 0.0, 0.0, 0.0, 0.0, 0.0, 0.0]]","[[0.8701298701298701, 0.0, 0.0, 0.025974025974025976, 0.025974025974025976, 0.012987012987012988, 0.012987012987012988, 0.0, 0.05194805194805195, 0.0], [0.0, 1.0, 0.0, 0.0, 0.0, 0.0, 0.0, 0.0, 0.0, 0.0], [0.0, 0.0, 1.0, 0.0, 0.0, 0.0, 0.0, 0.0, 0.0, 0.0], [0.0, 0.07692307692307693, 0.0, 0.9230769230769231, 0.0, 0.0, 0.0, 0.0, 0.0, 0.0], [0.0, 0.0, 0.0, 0.0, 1.0, 0.0, 0.0, 0.0, 0.0, 0.0], [0.022727272727272728, 0.0, 0.0, 0.0, 0.0, 0.9772727272727273, 0.0, 0.0, 0.0, 0.0], [0.0, 0.0, 0.09090909090909091, 0.0, 0.09090909090909091, 0.09090909090909091, 0.7272727272727273, 0.0, 0.0, 0.0], [0.0, 0.0, 0.0, 0.0, 0.0, 0.0, 0.0, 0.0, 1.0, 0.0], [0.0, 0.0, 0.0, 0.2, 0.0, 0.0, 0.0, 0.0, 0.8, 0.0], [0.0, 0.0, 1.0, 0.0, 0.0, 0.0, 0.0, 0.0, 0.0, 0.0]]","[""BENIGN"", ""FTP-PATATOR"", ""DOS GOLDENEYE"", ""SSH-PATATOR"", ""DDOS"", ""PORTSCAN"", ""DOS HULK"", ""WEB ATTACK \ufffd XSS"", ""WEB ATTACK \ufffd BRUTE FORCE"", ""WEB ATTACK \ufffd SQL INJECTION""]",0.18181818181818182,0.9955213337074047,0.19930708408355713,0.9675925925925926,0.18181818181818182,0.19930708408355713,,13.183834861528547,13.600839786292918,1.9605687717193332,196.0568823990039,216.1435409943806,1,0.01,64,,,,,,,,,,,,False,False,,
0,10,1430,10,0.17110212091356516,0.9405594405594405,0.23979546912014485,0.9405594405594405,0.720847995022307,0.743134255051044,0.743134255051044,0.051948051948051965,"{""0"": 0.9419354838709677, ""1"": 0.9714285714285714, ""2"": 0.8484848484848485, ""3"": 0.8571428571428571, ""4"": 0.9814814814814815, ""5"": 0.9887640449438202, ""6"": 0.8421052631578947, ""7"": 0.6666666666666666, ""8"": 0.3333333333333333, ""9"": 0.0}","{""0"": 0.9358974358974359, ""1"": 0.9444444444444444, ""2"": 0.9333333333333333, ""3"": 0.8, ""4"": 0.9636363636363636, ""5"": 0.9777777777777777, ""6"": 1.0, ""7"": 0.5, ""8"": 1.0, ""9"": 0.0}","{""0"": 0.948051948051948, ""1"": 1.0, ""2"": 0.7777777777777778, ""3"": 0.9230769230769231, ""4"": 1.0, ""5"": 1.0, ""6"": 0.7272727272727273, ""7"": 1.0, ""8"": 0.2, ""9"": 0.0}","[[73.0, 0.0, 0.0, 2.0, 1.0, 1.0, 0.0, 0.0, 0.0, 0.0], [0.0, 17.0, 0.0, 0.0, 0.0, 0.0, 0.0, 0.0, 0.0, 0.0], [4.0, 0.0, 14.0, 0.0, 0.0, 0.0, 0.0, 0.0, 0.0, 0.0], [0.0, 1.0, 0.0, 12.0, 0.0, 0.0, 0.0, 0.0, 0.0, 0.0], [0.0, 0.0, 0.0, 0.0, 53.0, 0.0, 0.0, 0.0, 0.0, 0.0], [0.0, 0.0, 0.0, 0.0, 0.0, 88.0, 0.0, 0.0, 0.0, 0.0], [0.0, 0.0, 1.0, 0.0, 1.0, 1.0, 8.0, 0.0, 0.0, 0.0], [0.0, 0.0, 0.0, 0.0, 0.0, 0.0, 0.0, 3.0, 0.0, 0.0], [0.0, 0.0, 0.0, 1.0, 0.0, 0.0, 0.0, 3.0, 1.0, 0.0], [1.0, 0.0, 0.0, 0.0, 0.0, 0.0, 0.0, 0.0, 0.0, 0.0]]","[[0.948051948051948, 0.0, 0.0, 0.025974025974025976, 0.012987012987012988, 0.012987012987012988, 0.0, 0.0, 0.0, 0.0], [0.0, 1.0, 0.0, 0.0, 0.0, 0.0, 0.0, 0.0, 0.0, 0.0], [0.2222222222222222, 0.0, 0.7777777777777778, 0.0, 0.0, 0.0, 0.0, 0.0, 0.0, 0.0], [0.0, 0.07692307692307693, 0.0, 0.9230769230769231, 0.0, 0.0, 0.0, 0.0, 0.0, 0.0], [0.0, 0.0, 0.0, 0.0, 1.0, 0.0, 0.0, 0.0, 0.0, 0.0], [0.0, 0.0, 0.0, 0.0, 0.0, 1.0, 0.0, 0.0, 0.0, 0.0], [0.0, 0.0, 0.09090909090909091, 0.0, 0.09090909090909091, 0.09090909090909091, 0.7272727272727273, 0.0, 0.0, 0.0], [0.0, 0.0, 0.0, 0.0, 0.0, 0.0, 0.0, 1.0, 0.0, 0.0], [0.0, 0.0, 0.0, 0.2, 0.0, 0.0, 0.0, 0.6, 0.2, 0.0], [1.0, 0.0, 0.0, 0.0, 0.0, 0.0, 0.0, 0.0, 0.0, 0.0]]","[""BENIGN"", ""FTP-PATATOR"", ""DOS GOLDENEYE"", ""SSH-PATATOR"", ""DDOS"", ""PORTSCAN"", ""DOS HULK"", ""WEB ATTACK \ufffd XSS"", ""WEB ATTACK \ufffd BRUTE FORCE"", ""WEB ATTACK \ufffd SQL INJECTION""]",0.1038961038961039,0.9959791899249699,0.05064976215362549,0.9764150943396226,0.1038961038961039,0.05064976215362549,,13.650968614448518,14.09379670406055,1.789195924934867,178.91959766154227,163.99504100263584,1,0.01,64,,,,,,,,,,,,False,False,,
0,11,1430,10,0.17151073031127453,0.9545454545454546,0.2503272667527199,0.916083916083916,0.7660682865521575,0.6896371537049504,0.6896371537049504,0.16883116883116878,"{""0"": 0.8951048951048951, ""1"": 0.9444444444444444, ""2"": 0.972972972972973, ""3"": 0.8571428571428571, ""4"": 0.954954954954955, ""5"": 0.9717514124293786, ""6"": 0.8, ""7"": 0.0, ""8"": 0.5, ""9"": 0.0}","{""0"": 0.9696969696969697, ""1"": 0.8947368421052632, ""2"": 0.9473684210526315, ""3"": 0.8, ""4"": 0.9137931034482759, ""5"": 0.9662921348314607, ""6"": 0.8888888888888888, ""7"": 0.0, ""8"": 0.36363636363636365, ""9"": 0.0}","{""0"": 0.8311688311688312, ""1"": 1.0, ""2"": 1.0, ""3"": 0.9230769230769231, ""4"": 1.0, ""5"": 0.9772727272727273, ""6"": 0.7272727272727273, ""7"": 0.0, ""8"": 0.8, ""9"": 0.0}","[[64.0, 1.0, 0.0, 2.0, 3.0, 2.0, 1.0, 0.0, 4.0, 0.0], [0.0, 17.0, 0.0, 0.0, 0.0, 0.0, 0.0, 0.0, 0.0, 0.0], [0.0, 0.0, 18.0, 0.0, 0.0, 0.0, 0.0, 0.0, 0.0, 0.0], [0.0, 1.0, 0.0, 12.0, 0.0, 0.0, 0.0, 0.0, 0.0, 0.0], [0.0, 0.0, 0.0, 0.0, 53.0, 0.0, 0.0, 0.0, 0.0, 0.0], [2.0, 0.0, 0.0, 0.0, 0.0, 86.0, 0.0, 0.0, 0.0, 0.0], [0.0, 0.0, 0.0, 0.0, 2.0, 1.0, 8.0, 0.0, 0.0, 0.0], [0.0, 0.0, 0.0, 0.0, 0.0, 0.0, 0.0, 0.0, 3.0, 0.0], [0.0, 0.0, 0.0, 1.0, 0.0, 0.0, 0.0, 0.0, 4.0, 0.0], [0.0, 0.0, 1.0, 0.0, 0.0, 0.0, 0.0, 0.0, 0.0, 0.0]]","[[0.8311688311688312, 0.012987012987012988, 0.0, 0.025974025974025976, 0.03896103896103896, 0.025974025974025976, 0.012987012987012988, 0.0, 0.05194805194805195, 0.0], [0.0, 1.0, 0.0, 0.0, 0.0, 0.0, 0.0, 0.0, 0.0, 0.0], [0.0, 0.0, 1.0, 0.0, 0.0, 0.0, 0.0, 0.0, 0.0, 0.0], [0.0, 0.07692307692307693, 0.0, 0.9230769230769231, 0.0, 0.0, 0.0, 0.0, 0.0, 0.0], [0.0, 0.0, 0.0, 0.0, 1.0, 0.0, 0.0, 0.0, 0.0, 0.0], [0.022727272727272728, 0.0, 0.0, 0.0, 0.0, 0.9772727272727273, 0.0, 0.0, 0.0, 0.0], [0.0, 0.0, 0.0, 0.0, 0.18181818181818182, 0.09090909090909091, 0.7272727272727273, 0.0, 0.0, 0.0], [0.0, 0.0, 0.0, 0.0, 0.0, 0.0, 0.0, 0.0, 1.0, 0.0], [0.0, 0.0, 0.0, 0.2, 0.0, 0.0, 0.0, 0.0, 0.8, 0.0], [0.0, 0.0, 1.0, 0.0, 0.0, 0.0, 0.0, 0.0, 0.0, 0.0]]","[""BENIGN"", ""FTP-PATATOR"", ""DOS GOLDENEYE"", ""SSH-PATATOR"", ""DDOS"", ""PORTSCAN"", ""DOS HULK"", ""WEB ATTACK \ufffd XSS"", ""WEB ATTACK \ufffd BRUTE FORCE"", ""WEB ATTACK \ufffd SQL INJECTION""]",0.11688311688311688,0.9940396041229743,0.783836841583252,0.9741176470588235,0.11688311688311688,0.783836841583252,,13.99797153838515,14.366902047765466,1.843268325238041,184.32684305548332,78.29041699005757,1,0.01,64,,,,,,,,,,,,False,False,,
0,12,1430,10,0.1731309486553073,0.9405594405594405,0.29758323123678565,0.9230769230769231,0.7207769841618223,0.69359220288994,0.69359220288994,0.10389610389610393,"{""0"": 0.9139072847682119, ""1"": 0.9714285714285714, ""2"": 0.8484848484848485, ""3"": 0.7741935483870968, ""4"": 0.9724770642201835, ""5"": 0.9887640449438202, ""6"": 0.8, ""7"": 0.6666666666666666, ""8"": 0.0, ""9"": 0.0}","{""0"": 0.9324324324324325, ""1"": 0.9444444444444444, ""2"": 0.9333333333333333, ""3"": 0.6666666666666666, ""4"": 0.9464285714285714, ""5"": 0.9777777777777777, ""6"": 0.8888888888888888, ""7"": 0.5, ""8"": 0.0, ""9"": 0.0}","{""0"": 0.8961038961038961, ""1"": 1.0, ""2"": 0.7777777777777778, ""3"": 0.9230769230769231, ""4"": 1.0, ""5"": 1.0, ""6"": 0.7272727272727273, ""7"": 1.0, ""8"": 0.0, ""9"": 0.0}","[[69.0, 0.0, 0.0, 4.0, 2.0, 1.0, 1.0, 0.0, 0.0, 0.0], [0.0, 17.0, 0.0, 0.0, 0.0, 0.0, 0.0, 0.0, 0.0, 0.0], [4.0, 0.0, 14.0, 0.0, 0.0, 0.0, 0.0, 0.0, 0.0, 0.0], [0.0, 1.0, 0.0, 12.0, 0.0, 0.0, 0.0, 0.0, 0.0, 0.0], [0.0, 0.0, 0.0, 0.0, 53.0, 0.0, 0.0, 0.0, 0.0, 0.0], [0.0, 0.0, 0.0, 0.0, 0.0, 88.0, 0.0, 0.0, 0.0, 0.0], [0.0, 0.0, 1.0, 0.0, 1.0, 1.0, 8.0, 0.0, 0.0, 0.0], [0.0, 0.0, 0.0, 0.0, 0.0, 0.0, 0.0, 3.0, 0.0, 0.0], [0.0, 0.0, 0.0, 2.0, 0.0, 0.0, 0.0, 3.0, 0.0, 0.0], [1.0, 0.0, 0.0, 0.0, 0.0, 0.0, 0.0, 0.0, 0.0, 0.0]]","[[0.8961038961038961, 0.0, 0.0, 0.05194805194805195, 0.025974025974025976, 0.012987012987012988, 0.012987012987012988, 0.0, 0.0, 0.0], [0.0, 1.0, 0.0, 0.0, 0.0, 0.0, 0.0, 0.0, 0.0, 0.0], [0.2222222222222222, 0.0, 0.7777777777777778, 0.0, 0.0, 0.0, 0.0, 0.0, 0.0, 0.0], [0.0, 0.07692307692307693, 0.0, 0.9230769230769231, 0.0, 0.0, 0.0, 0.0, 0.0, 0.0], [0.0, 0.0, 0.0, 0.0, 1.0, 0.0, 0.0, 0.0, 0.0, 0.0], [0.0, 0.0, 0.0, 0.0, 0.0, 1.0, 0.0, 0.0, 0.0, 0.0], [0.0, 0.0, 0.09090909090909091, 0.0, 0.09090909090909091, 0.09090909090909091, 0.7272727272727273, 0.0, 0.0, 0.0], [0.0, 0.0, 0.0, 0.0, 0.0, 0.0, 0.0, 1.0, 0.0, 0.0], [0.0, 0.0, 0.0, 0.4, 0.0, 0.0, 0.0, 0.6, 0.0, 0.0], [1.0, 0.0, 0.0, 0.0, 0.0, 0.0, 0.0, 0.0, 0.0, 0.0]]","[""BENIGN"", ""FTP-PATATOR"", ""DOS GOLDENEYE"", ""SSH-PATATOR"", ""DDOS"", ""PORTSCAN"", ""DOS HULK"", ""WEB ATTACK \ufffd XSS"", ""WEB ATTACK \ufffd BRUTE FORCE"", ""WEB ATTACK \ufffd SQL INJECTION""]",0.14285714285714285,0.9942457913804086,0.19824576377868652,0.9647058823529412,0.14285714285714285,0.19824576377868652,,14.366178855733112,14.81657955119618,2.1610626711044683,216.1062706928534,181.09233300492633,1,0.01,64,,,,,,,,,,,,False,False,,
0,13,1430,10,0.16317920442670583,0.9440559440559441,0.27299538552761077,0.9405594405594405,0.7242528094867241,0.7487239398891433,0.7487239398891433,0.10389610389610393,"{""0"": 0.9387755102040817, ""1"": 0.9444444444444444, ""2"": 1.0, ""3"": 0.8571428571428571, ""4"": 0.9636363636363636, ""5"": 0.9832402234636871, ""6"": 0.8, ""7"": 0.6666666666666666, ""8"": 0.3333333333333333, ""9"": 0.0}","{""0"": 0.9857142857142858, ""1"": 0.8947368421052632, ""2"": 1.0, ""3"": 0.8, ""4"": 0.9298245614035088, ""5"": 0.967032967032967, ""6"": 0.8888888888888888, ""7"": 0.5, ""8"": 1.0, ""9"": 0.0}","{""0"": 0.8961038961038961, ""1"": 1.0, ""2"": 1.0, ""3"": 0.9230769230769231, ""4"": 1.0, ""5"": 1.0, ""6"": 0.7272727272727273, ""7"": 1.0, ""8"": 0.2, ""9"": 0.0}","[[69.0, 1.0, 0.0, 2.0, 2.0, 2.0, 1.0, 0.0, 0.0, 0.0], [0.0, 17.0, 0.0, 0.0, 0.0, 0.0, 0.0, 0.0, 0.0, 0.0], [0.0, 0.0, 18.0, 0.0, 0.0, 0.0, 0.0, 0.0, 0.0, 0.0], [0.0, 1.0, 0.0, 12.0, 0.0, 0.0, 0.0, 0.0, 0.0, 0.0], [0.0, 0.0, 0.0, 0.0, 53.0, 0.0, 0.0, 0.0, 0.0, 0.0], [0.0, 0.0, 0.0, 0.0, 0.0, 88.0, 0.0, 0.0, 0.0, 0.0], [0.0, 0.0, 0.0, 0.0, 2.0, 1.0, 8.0, 0.0, 0.0, 0.0], [0.0, 0.0, 0.0, 0.0, 0.0, 0.0, 0.0, 3.0, 0.0, 0.0], [0.0, 0.0, 0.0, 1.0, 0.0, 0.0, 0.0, 3.0, 1.0, 0.0], [1.0, 0.0, 0.0, 0.0, 0.0, 0.0, 0.0, 0.0, 0.0, 0.0]]","[[0.8961038961038961, 0.012987012987012988, 0.0, 0.025974025974025976, 0.025974025974025976, 0.025974025974025976, 0.012987012987012988, 0.0, 0.0, 0.0], [0.0, 1.0, 0.0, 0.0, 0.0, 0.0, 0.0, 0.0, 0.0, 0.0], [0.0, 0.0, 1.0, 0.0, 0.0, 0.0, 0.0, 0.0, 0.0, 0.0], [0.0, 0.07692307692307693, 0.0, 0.9230769230769231, 0.0, 0.0, 0.0, 0.0, 0.0, 0.0], [0.0, 0.0, 0.0, 0.0, 1.0, 0.0, 0.0, 0.0, 0.0, 0.0], [0.0, 0.0, 0.0, 0.0, 0.0, 1.0, 0.0, 0.0, 0.0, 0.0], [0.0, 0.0, 0.0, 0.0, 0.18181818181818182, 0.09090909090909091, 0.7272727272727273, 0.0, 0.0, 0.0], [0.0, 0.0, 0.0, 0.0, 0.0, 0.0, 0.0, 1.0, 0.0, 0.0], [0.0, 0.0, 0.0, 0.2, 0.0, 0.0, 0.0, 0.6, 0.2, 0.0], [1.0, 0.0, 0.0, 0.0, 0.0, 0.0, 0.0, 0.0, 0.0, 0.0]]","[""BENIGN"", ""FTP-PATATOR"", ""DOS GOLDENEYE"", ""SSH-PATATOR"", ""DDOS"", ""PORTSCAN"", ""DOS HULK"", ""WEB ATTACK \ufffd XSS"", ""WEB ATTACK \ufffd BRUTE FORCE"", ""WEB ATTACK \ufffd SQL INJECTION""]",0.15584415584415584,0.9955797990010617,0.10786926746368408,0.9696969696969697,0.15584415584415584,0.10786926746368408,,14.71601714642347,15.074544082634242,1.7499229687475242,174.99230180429475,128.29033398884349,1,0.01,64,,,,,,,,,,,,False,False,,
0,14,1430,10,0.16093445606529713,0.9440559440559441,0.35867228358983994,0.9230769230769231,0.7224548385144411,0.680700548651093,0.680700548651093,0.10389610389610393,"{""0"": 0.9139072847682119, ""1"": 0.9444444444444444, ""2"": 0.8, ""3"": 0.8571428571428571, ""4"": 1.0, ""5"": 0.9832402234636871, ""6"": 0.7368421052631579, ""7"": 0.0, ""8"": 0.5714285714285714, ""9"": 0.0}","{""0"": 0.9324324324324325, ""1"": 0.8947368421052632, ""2"": 0.8235294117647058, ""3"": 0.8, ""4"": 1.0, ""5"": 0.967032967032967, ""6"": 0.875, ""7"": 0.0, ""8"": 0.4444444444444444, ""9"": 0.0}","{""0"": 0.8961038961038961, ""1"": 1.0, ""2"": 0.7777777777777778, ""3"": 0.9230769230769231, ""4"": 1.0, ""5"": 1.0, ""6"": 0.6363636363636364, ""7"": 0.0, ""8"": 0.8, ""9"": 0.0}","[[69.0, 1.0, 0.0, 2.0, 0.0, 2.0, 1.0, 0.0, 2.0, 0.0], [0.0, 17.0, 0.0, 0.0, 0.0, 0.0, 0.0, 0.0, 0.0, 0.0], [4.0, 0.0, 14.0, 0.0, 0.0, 0.0, 0.0, 0.0, 0.0, 0.0], [0.0, 1.0, 0.0, 12.0, 0.0, 0.0, 0.0, 0.0, 0.0, 0.0], [0.0, 0.0, 0.0, 0.0, 53.0, 0.0, 0.0, 0.0, 0.0, 0.0], [0.0, 0.0, 0.0, 0.0, 0.0, 88.0, 0.0, 0.0, 0.0, 0.0], [1.0, 0.0, 2.0, 0.0, 0.0, 1.0, 7.0, 0.0, 0.0, 0.0], [0.0, 0.0, 0.0, 0.0, 0.0, 0.0, 0.0, 0.0, 3.0, 0.0], [0.0, 0.0, 0.0, 1.0, 0.0, 0.0, 0.0, 0.0, 4.0, 0.0], [0.0, 0.0, 1.0, 0.0, 0.0, 0.0, 0.0, 0.0, 0.0, 0.0]]","[[0.8961038961038961, 0.012987012987012988, 0.0, 0.025974025974025976, 0.0, 0.025974025974025976, 0.012987012987012988, 0.0, 0.025974025974025976, 0.0], [0.0, 1.0, 0.0, 0.0, 0.0, 0.0, 0.0, 0.0, 0.0, 0.0], [0.2222222222222222, 0.0, 0.7777777777777778, 0.0, 0.0, 0.0, 0.0, 0.0, 0.0, 0.0], [0.0, 0.07692307692307693, 0.0, 0.9230769230769231, 0.0, 0.0, 0.0, 0.0, 0.0, 0.0], [0.0, 0.0, 0.0, 0.0, 1.0, 0.0, 0.0, 0.0, 0.0, 0.0], [0.0, 0.0, 0.0, 0.0, 0.0, 1.0, 0.0, 0.0, 0.0, 0.0], [0.09090909090909091, 0.0, 0.18181818181818182, 0.0, 0.0, 0.09090909090909091, 0.6363636363636364, 0.0, 0.0, 0.0], [0.0, 0.0, 0.0, 0.0, 0.0, 0.0, 0.0, 0.0, 1.0, 0.0], [0.0, 0.0, 0.0, 0.2, 0.0, 0.0, 0.0, 0.0, 0.8, 0.0], [0.0, 0.0, 1.0, 0.0, 0.0, 0.0, 0.0, 0.0, 0.0, 0.0]]","[""BENIGN"", ""FTP-PATATOR"", ""DOS GOLDENEYE"", ""SSH-PATATOR"", ""DDOS"", ""PORTSCAN"", ""DOS HULK"", ""WEB ATTACK \ufffd XSS"", ""WEB ATTACK \ufffd BRUTE FORCE"", ""WEB ATTACK \ufffd SQL INJECTION""]",0.14285714285714285,0.9941514941079512,0.28483325242996216,0.9647058823529412,0.14285714285714285,0.28483325242996216,,15.057552801388287,15.5253057497934,2.051168680095473,205.11686909871915,160.49750000820495,1,0.01,64,,,,,,,,,,,,False,False,,
0,15,1430,10,0.145622150413692,0.958041958041958,0.41609849147498607,0.9475524475524476,0.7301671313114246,0.7201677299417585,0.7201677299417585,0.038961038961038974,"{""0"": 0.9426751592356688, ""1"": 0.9714285714285714, ""2"": 0.875, ""3"": 0.8571428571428571, ""4"": 1.0, ""5"": 0.9887640449438202, ""6"": 0.9, ""7"": 0.0, ""8"": 0.6666666666666666, ""9"": 0.0}","{""0"": 0.925, ""1"": 0.9444444444444444, ""2"": 1.0, ""3"": 0.8, ""4"": 1.0, ""5"": 0.9777777777777777, ""6"": 1.0, ""7"": 0.0, ""8"": 0.5714285714285714, ""9"": 0.0}","{""0"": 0.961038961038961, ""1"": 1.0, ""2"": 0.7777777777777778, ""3"": 0.9230769230769231, ""4"": 1.0, ""5"": 1.0, ""6"": 0.8181818181818182, ""7"": 0.0, ""8"": 0.8, ""9"": 0.0}","[[74.0, 0.0, 0.0, 2.0, 0.0, 1.0, 0.0, 0.0, 0.0, 0.0], [0.0, 17.0, 0.0, 0.0, 0.0, 0.0, 0.0, 0.0, 0.0, 0.0], [4.0, 0.0, 14.0, 0.0, 0.0, 0.0, 0.0, 0.0, 0.0, 0.0], [0.0, 1.0, 0.0, 12.0, 0.0, 0.0, 0.0, 0.0, 0.0, 0.0], [0.0, 0.0, 0.0, 0.0, 53.0, 0.0, 0.0, 0.0, 0.0, 0.0], [0.0, 0.0, 0.0, 0.0, 0.0, 88.0, 0.0, 0.0, 0.0, 0.0], [1.0, 0.0, 0.0, 0.0, 0.0, 1.0, 9.0, 0.0, 0.0, 0.0], [0.0, 0.0, 0.0, 0.0, 0.0, 0.0, 0.0, 0.0, 3.0, 0.0], [0.0, 0.0, 0.0, 1.0, 0.0, 0.0, 0.0, 0.0, 4.0, 0.0], [1.0, 0.0, 0.0, 0.0, 0.0, 0.0, 0.0, 0.0, 0.0, 0.0]]","[[0.961038961038961, 0.0, 0.0, 0.025974025974025976, 0.0, 0.012987012987012988, 0.0, 0.0, 0.0, 0.0], [0.0, 1.0, 0.0, 0.0, 0.0, 0.0, 0.0, 0.0, 0.0, 0.0], [0.2222222222222222, 0.0, 0.7777777777777778, 0.0, 0.0, 0.0, 0.0, 0.0, 0.0, 0.0], [0.0, 0.07692307692307693, 0.0, 0.9230769230769231, 0.0, 0.0, 0.0, 0.0, 0.0, 0.0], [0.0, 0.0, 0.0, 0.0, 1.0, 0.0, 0.0, 0.0, 0.0, 0.0], [0.0, 0.0, 0.0, 0.0, 0.0, 1.0, 0.0, 0.0, 0.0, 0.0], [0.09090909090909091, 0.0, 0.0, 0.0, 0.0, 0.09090909090909091, 0.8181818181818182, 0.0, 0.0, 0.0], [0.0, 0.0, 0.0, 0.0, 0.0, 0.0, 0.0, 0.0, 1.0, 0.0], [0.0, 0.0, 0.0, 0.2, 0.0, 0.0, 0.0, 0.0, 0.8, 0.0], [1.0, 0.0, 0.0, 0.0, 0.0, 0.0, 0.0, 0.0, 0.0, 0.0]]","[""BENIGN"", ""FTP-PATATOR"", ""DOS GOLDENEYE"", ""SSH-PATATOR"", ""DDOS"", ""PORTSCAN"", ""DOS HULK"", ""WEB ATTACK \ufffd XSS"", ""WEB ATTACK \ufffd BRUTE FORCE"", ""WEB ATTACK \ufffd SQL INJECTION""]",0.03896103896103896,0.9921755426567985,0.4299049973487854,0.9807692307692307,0.03896103896103896,0.4299049973487854,,15.414272359124173,15.752001143285943,1.6822215208405216,168.22215557531,226.60441699554212,1,0.01,64,,,,,,,,,,,,False,False,,
0,16,1430,10,0.13978831823915244,0.951048951048951,0.1938178103417158,0.9475524475524476,0.7308240670005376,0.7565917213840108,0.7565917213840108,0.09090909090909094,"{""0"": 0.9459459459459459, ""1"": 0.9444444444444444, ""2"": 1.0, ""3"": 0.8571428571428571, ""4"": 0.9724770642201835, ""5"": 0.9887640449438202, ""6"": 0.8571428571428571, ""7"": 0.6666666666666666, ""8"": 0.3333333333333333, ""9"": 0.0}","{""0"": 0.9859154929577465, ""1"": 0.8947368421052632, ""2"": 1.0, ""3"": 0.8, ""4"": 0.9464285714285714, ""5"": 0.9777777777777777, ""6"": 0.9, ""7"": 0.5, ""8"": 1.0, ""9"": 0.0}","{""0"": 0.9090909090909091, ""1"": 1.0, ""2"": 1.0, ""3"": 0.9230769230769231, ""4"": 1.0, ""5"": 1.0, ""6"": 0.8181818181818182, ""7"": 1.0, ""8"": 0.2, ""9"": 0.0}","[[70.0, 1.0, 0.0, 2.0, 2.0, 1.0, 1.0, 0.0, 0.0, 0.0], [0.0, 17.0, 0.0, 0.0, 0.0, 0.0, 0.0, 0.0, 0.0, 0.0], [0.0, 0.0, 18.0, 0.0, 0.0, 0.0, 0.0, 0.0, 0.0, 0.0], [0.0, 1.0, 0.0, 12.0, 0.0, 0.0, 0.0, 0.0, 0.0, 0.0], [0.0, 0.0, 0.0, 0.0, 53.0, 0.0, 0.0, 0.0, 0.0, 0.0], [0.0, 0.0, 0.0, 0.0, 0.0, 88.0, 0.0, 0.0, 0.0, 0.0], [0.0, 0.0, 0.0, 0.0, 1.0, 1.0, 9.0, 0.0, 0.0, 0.0], [0.0, 0.0, 0.0, 0.0, 0.0, 0.0, 0.0, 3.0, 0.0, 0.0], [0.0, 0.0, 0.0, 1.0, 0.0, 0.0, 0.0, 3.0, 1.0, 0.0], [1.0, 0.0, 0.0, 0.0, 0.0, 0.0, 0.0, 0.0, 0.0, 0.0]]","[[0.9090909090909091, 0.012987012987012988, 0.0, 0.025974025974025976, 0.025974025974025976, 0.012987012987012988, 0.012987012987012988, 0.0, 0.0, 0.0], [0.0, 1.0, 0.0, 0.0, 0.0, 0.0, 0.0, 0.0, 0.0, 0.0], [0.0, 0.0, 1.0, 0.0, 0.0, 0.0, 0.0, 0.0, 0.0, 0.0], [0.0, 0.07692307692307693, 0.0, 0.9230769230769231, 0.0, 0.0, 0.0, 0.0, 0.0, 0.0], [0.0, 0.0, 0.0, 0.0, 1.0, 0.0, 0.0, 0.0, 0.0, 0.0], [0.0, 0.0, 0.0, 0.0, 0.0, 1.0, 0.0, 0.0, 0.0, 0.0], [0.0, 0.0, 0.0, 0.0, 0.09090909090909091, 0.09090909090909091, 0.8181818181818182, 0.0, 0.0, 0.0], [0.0, 0.0, 0.0, 0.0, 0.0, 0.0, 0.0, 1.0, 0.0, 0.0], [0.0, 0.0, 0.0, 0.2, 0.0, 0.0, 0.0, 0.6, 0.2, 0.0], [1.0, 0.0, 0.0, 0.0, 0.0, 0.0, 0.0, 0.0, 0.0, 0.0]]","[""BENIGN"", ""FTP-PATATOR"", ""DOS GOLDENEYE"", ""SSH-PATATOR"", ""DDOS"", ""PORTSCAN"", ""DOS HULK"", ""WEB ATTACK \ufffd XSS"", ""WEB ATTACK \ufffd BRUTE FORCE"", ""WEB ATTACK \ufffd SQL INJECTION""]",0.09090909090909091,0.996644629331106,0.6529656648635864,0.9811320754716981,0.09090909090909091,0.6529656648635864,,15.736602925683629,16.114165241384054,1.8499148785526867,184.99149322282824,153.5158749902621,1,0.01,64,,,,,,,,,,,,False,False,,
0,17,1430,10,0.14625063743442296,0.958041958041958,0.1542749661952257,0.958041958041958,0.7301671313114246,0.7650877662320595,0.7650877662320595,0.051948051948051965,"{""0"": 0.9605263157894737, ""1"": 0.9444444444444444, ""2"": 1.0, ""3"": 0.8571428571428571, ""4"": 1.0, ""5"": 0.9887640449438202, ""6"": 0.9, ""7"": 0.6666666666666666, ""8"": 0.3333333333333333, ""9"": 0.0}","{""0"": 0.9733333333333334, ""1"": 0.8947368421052632, ""2"": 1.0, ""3"": 0.8, ""4"": 1.0, ""5"": 0.9777777777777777, ""6"": 1.0, ""7"": 0.5, ""8"": 1.0, ""9"": 0.0}","{""0"": 0.948051948051948, ""1"": 1.0, ""2"": 1.0, ""3"": 0.9230769230769231, ""4"": 1.0, ""5"": 1.0, ""6"": 0.8181818181818182, ""7"": 1.0, ""8"": 0.2, ""9"": 0.0}","[[73.0, 1.0, 0.0, 2.0, 0.0, 1.0, 0.0, 0.0, 0.0, 0.0], [0.0, 17.0, 0.0, 0.0, 0.0, 0.0, 0.0, 0.0, 0.0, 0.0], [0.0, 0.0, 18.0, 0.0, 0.0, 0.0, 0.0, 0.0, 0.0, 0.0], [0.0, 1.0, 0.0, 12.0, 0.0, 0.0, 0.0, 0.0, 0.0, 0.0], [0.0, 0.0, 0.0, 0.0, 53.0, 0.0, 0.0, 0.0, 0.0, 0.0], [0.0, 0.0, 0.0, 0.0, 0.0, 88.0, 0.0, 0.0, 0.0, 0.0], [1.0, 0.0, 0.0, 0.0, 0.0, 1.0, 9.0, 0.0, 0.0, 0.0], [0.0, 0.0, 0.0, 0.0, 0.0, 0.0, 0.0, 3.0, 0.0, 0.0], [0.0, 0.0, 0.0, 1.0, 0.0, 0.0, 0.0, 3.0, 1.0, 0.0], [1.0, 0.0, 0.0, 0.0, 0.0, 0.0, 0.0, 0.0, 0.0, 0.0]]","[[0.948051948051948, 0.012987012987012988, 0.0, 0.025974025974025976, 0.0, 0.012987012987012988, 0.0, 0.0, 0.0, 0.0], [0.0, 1.0, 0.0, 0.0, 0.0, 0.0, 0.0, 0.0, 0.0, 0.0], [0.0, 0.0, 1.0, 0.0, 0.0, 0.0, 0.0, 0.0, 0.0, 0.0], [0.0, 0.07692307692307693, 0.0, 0.9230769230769231, 0.0, 0.0, 0.0, 0.0, 0.0, 0.0], [0.0, 0.0, 0.0, 0.0, 1.0, 0.0, 0.0, 0.0, 0.0, 0.0], [0.0, 0.0, 0.0, 0.0, 0.0, 1.0, 0.0, 0.0, 0.0, 0.0], [0.09090909090909091, 0.0, 0.0, 0.0, 0.0, 0.09090909090909091, 0.8181818181818182, 0.0, 0.0, 0.0], [0.0, 0.0, 0.0, 0.0, 0.0, 0.0, 0.0, 1.0, 0.0, 0.0], [0.0, 0.0, 0.0, 0.2, 0.0, 0.0, 0.0, 0.6, 0.2, 0.0], [1.0, 0.0, 0.0, 0.0, 0.0, 0.0, 0.0, 0.0, 0.0, 0.0]]","[""BENIGN"", ""FTP-PATATOR"", ""DOS GOLDENEYE"", ""SSH-PATATOR"", ""DDOS"", ""PORTSCAN"", ""DOS HULK"", ""WEB ATTACK \ufffd XSS"", ""WEB ATTACK \ufffd BRUTE FORCE"", ""WEB ATTACK \ufffd SQL INJECTION""]",0.1038961038961039,0.9959620949525859,0.3430898189544678,0.9788235294117648,0.1038961038961039,0.3430898189544678,,16.068247092584887,16.336392807236713,1.7757928383349868,177.57928864365908,159.9532079999335,1,0.01,64,,,,,,,,,,,,False,False,,
0,18,1430,10,0.14577155467122793,0.9615384615384616,0.19748163595795631,0.9370629370629371,0.7351322401619824,0.7053701426624321,0.7053701426624321,0.1298701298701299,"{""0"": 0.9305555555555556, ""1"": 0.9714285714285714, ""2"": 1.0, ""3"": 0.8, ""4"": 0.9724770642201835, ""5"": 0.9887640449438202, ""6"": 0.8571428571428571, ""7"": 0.0, ""8"": 0.5333333333333333, ""9"": 0.0}","{""0"": 1.0, ""1"": 0.9444444444444444, ""2"": 1.0, ""3"": 0.7058823529411765, ""4"": 0.9464285714285714, ""5"": 0.9777777777777777, ""6"": 0.9, ""7"": 0.0, ""8"": 0.4, ""9"": 0.0}","{""0"": 0.8701298701298701, ""1"": 1.0, ""2"": 1.0, ""3"": 0.9230769230769231, ""4"": 1.0, ""5"": 1.0, ""6"": 0.8181818181818182, ""7"": 0.0, ""8"": 0.8, ""9"": 0.0}","[[67.0, 0.0, 0.0, 4.0, 2.0, 1.0, 1.0, 0.0, 2.0, 0.0], [0.0, 17.0, 0.0, 0.0, 0.0, 0.0, 0.0, 0.0, 0.0, 0.0], [0.0, 0.0, 18.0, 0.0, 0.0, 0.0, 0.0, 0.0, 0.0, 0.0], [0.0, 1.0, 0.0, 12.0, 0.0, 0.0, 0.0, 0.0, 0.0, 0.0], [0.0, 0.0, 0.0, 0.0, 53.0, 0.0, 0.0, 0.0, 0.0, 0.0], [0.0, 0.0, 0.0, 0.0, 0.0, 88.0, 0.0, 0.0, 0.0, 0.0], [0.0, 0.0, 0.0, 0.0, 1.0, 1.0, 9.0, 0.0, 0.0, 0.0], [0.0, 0.0, 0.0, 0.0, 0.0, 0.0, 0.0, 0.0, 3.0, 0.0], [0.0, 0.0, 0.0, 1.0, 0.0, 0.0, 0.0, 0.0, 4.0, 0.0], [0.0, 0.0, 0.0, 0.0, 0.0, 0.0, 0.0, 0.0, 1.0, 0.0]]","[[0.8701298701298701, 0.0, 0.0, 0.05194805194805195, 0.025974025974025976, 0.012987012987012988, 0.012987012987012988, 0.0, 0.025974025974025976, 0.0], [0.0, 1.0, 0.0, 0.0, 0.0, 0.0, 0.0, 0.0, 0.0, 0.0], [0.0, 0.0, 1.0, 0.0, 0.0, 0.0, 0.0, 0.0, 0.0, 0.0], [0.0, 0.07692307692307693, 0.0, 0.9230769230769231, 0.0, 0.0, 0.0, 0.0, 0.0, 0.0], [0.0, 0.0, 0.0, 0.0, 1.0, 0.0, 0.0, 0.0, 0.0, 0.0], [0.0, 0.0, 0.0, 0.0, 0.0, 1.0, 0.0, 0.0, 0.0, 0.0], [0.0, 0.0, 0.0, 0.0, 0.09090909090909091, 0.09090909090909091, 0.8181818181818182, 0.0, 0.0, 0.0], [0.0, 0.0, 0.0, 0.0, 0.0, 0.0, 0.0, 0.0, 1.0, 0.0], [0.0, 0.0, 0.0, 0.2, 0.0, 0.0, 0.0, 0.0, 0.8, 0.0], [0.0, 0.0, 0.0, 0.0, 0.0, 0.0, 0.0, 0.0, 1.0, 0.0]]","[""BENIGN"", ""FTP-PATATOR"", ""DOS GOLDENEYE"", ""SSH-PATATOR"", ""DDOS"", ""PORTSCAN"", ""DOS HULK"", ""WEB ATTACK \ufffd XSS"", ""WEB ATTACK \ufffd BRUTE FORCE"", ""WEB ATTACK \ufffd SQL INJECTION""]",0.07792207792207792,0.9966334351119079,0.8729705214500427,0.983451536643026,0.07792207792207792,0.8729705214500427,,16.37595851473394,16.658968644561057,1.4835630877042123,148.35630769938615,133.62229098856915,1,0.01,64,,,,,,,,,,,,False,False,,
0,19,1430,10,0.1394707141444087,0.9545454545454546,0.16146059669554233,0.9615384615384616,0.7282626478806254,0.7611030117364691,0.7611030117364691,0.025974025974025983,"{""0"": 0.9803921568627451, ""1"": 0.9714285714285714, ""2"": 0.9473684210526315, ""3"": 0.9230769230769231, ""4"": 1.0, ""5"": 0.9887640449438202, ""6"": 0.8, ""7"": 0.6666666666666666, ""8"": 0.3333333333333333, ""9"": 0.0}","{""0"": 0.9868421052631579, ""1"": 0.9444444444444444, ""2"": 0.9, ""3"": 0.9230769230769231, ""4"": 1.0, ""5"": 0.9777777777777777, ""6"": 0.8888888888888888, ""7"": 0.5, ""8"": 1.0, ""9"": 0.0}","{""0"": 0.974025974025974, ""1"": 1.0, ""2"": 1.0, ""3"": 0.9230769230769231, ""4"": 1.0, ""5"": 1.0, ""6"": 0.7272727272727273, ""7"": 1.0, ""8"": 0.2, ""9"": 0.0}","[[75.0, 0.0, 0.0, 0.0, 0.0, 1.0, 1.0, 0.0, 0.0, 0.0], [0.0, 17.0, 0.0, 0.0, 0.0, 0.0, 0.0, 0.0, 0.0, 0.0], [0.0, 0.0, 18.0, 0.0, 0.0, 0.0, 0.0, 0.0, 0.0, 0.0], [0.0, 1.0, 0.0, 12.0, 0.0, 0.0, 0.0, 0.0, 0.0, 0.0], [0.0, 0.0, 0.0, 0.0, 53.0, 0.0, 0.0, 0.0, 0.0, 0.0], [0.0, 0.0, 0.0, 0.0, 0.0, 88.0, 0.0, 0.0, 0.0, 0.0], [1.0, 0.0, 1.0, 0.0, 0.0, 1.0, 8.0, 0.0, 0.0, 0.0], [0.0, 0.0, 0.0, 0.0, 0.0, 0.0, 0.0, 3.0, 0.0, 0.0], [0.0, 0.0, 0.0, 1.0, 0.0, 0.0, 0.0, 3.0, 1.0, 0.0], [0.0, 0.0, 1.0, 0.0, 0.0, 0.0, 0.0, 0.0, 0.0, 0.0]]","[[0.974025974025974, 0.0, 0.0, 0.0, 0.0, 0.012987012987012988, 0.012987012987012988, 0.0, 0.0, 0.0], [0.0, 1.0, 0.0, 0.0, 0.0, 0.0, 0.0, 0.0, 0.0, 0.0], [0.0, 0.0, 1.0, 0.0, 0.0, 0.0, 0.0, 0.0, 0.0, 0.0], [0.0, 0.07692307692307693, 0.0, 0.9230769230769231, 0.0, 0.0, 0.0, 0.0, 0.0, 0.0], [0.0, 0.0, 0.0, 0.0, 1.0, 0.0, 0.0, 0.0, 0.0, 0.0], [0.0, 0.0, 0.0, 0.0, 0.0, 1.0, 0.0, 0.0, 0.0, 0.0], [0.09090909090909091, 0.0, 0.09090909090909091, 0.0, 0.0, 0.09090909090909091, 0.7272727272727273, 0.0, 0.0, 0.0], [0.0, 0.0, 0.0, 0.0, 0.0, 0.0, 0.0, 1.0, 0.0, 0.0], [0.0, 0.0, 0.0, 0.2, 0.0, 0.0, 0.0, 0.6, 0.2, 0.0], [0.0, 0.0, 1.0, 0.0, 0.0, 0.0, 0.0, 0.0, 0.0, 0.0]]","[""BENIGN"", ""FTP-PATATOR"", ""DOS GOLDENEYE"", ""SSH-PATATOR"", ""DDOS"", ""PORTSCAN"", ""DOS HULK"", ""WEB ATTACK \ufffd XSS"", ""WEB ATTACK \ufffd BRUTE FORCE"", ""WEB ATTACK \ufffd SQL INJECTION""]",0.07792207792207792,0.9965598724316114,0.3001115918159485,0.9858490566037735,0.07792207792207792,0.3001115918159485,,16.70744012667225,17.00415733988041,2.051995954782772,205.19959942144664,139.01299999270122,1,0.01,64,,,,,,,,,,,,False,False,,
0,20,1430,10,0.14492168445140124,0.9615384615384616,0.190950464643538,0.958041958041958,0.7351322401619824,0.7266400637750692,0.7266400637750692,0.038961038961038974,"{""0"": 0.9673202614379085, ""1"": 0.9714285714285714, ""2"": 0.972972972972973, ""3"": 0.8571428571428571, ""4"": 1.0, ""5"": 0.9887640449438202, ""6"": 0.8421052631578947, ""7"": 0.0, ""8"": 0.6666666666666666, ""9"": 0.0}","{""0"": 0.9736842105263158, ""1"": 0.9444444444444444, ""2"": 0.9473684210526315, ""3"": 0.8, ""4"": 1.0, ""5"": 0.9777777777777777, ""6"": 1.0, ""7"": 0.0, ""8"": 0.5714285714285714, ""9"": 0.0}","{""0"": 0.961038961038961, ""1"": 1.0, ""2"": 1.0, ""3"": 0.9230769230769231, ""4"": 1.0, ""5"": 1.0, ""6"": 0.7272727272727273, ""7"": 0.0, ""8"": 0.8, ""9"": 0.0}","[[74.0, 0.0, 0.0, 2.0, 0.0, 1.0, 0.0, 0.0, 0.0, 0.0], [0.0, 17.0, 0.0, 0.0, 0.0, 0.0, 0.0, 0.0, 0.0, 0.0], [0.0, 0.0, 18.0, 0.0, 0.0, 0.0, 0.0, 0.0, 0.0, 0.0], [0.0, 1.0, 0.0, 12.0, 0.0, 0.0, 0.0, 0.0, 0.0, 0.0], [0.0, 0.0, 0.0, 0.0, 53.0, 0.0, 0.0, 0.0, 0.0, 0.0], [0.0, 0.0, 0.0, 0.0, 0.0, 88.0, 0.0, 0.0, 0.0, 0.0], [1.0, 0.0, 1.0, 0.0, 0.0, 1.0, 8.0, 0.0, 0.0, 0.0], [0.0, 0.0, 0.0, 0.0, 0.0, 0.0, 0.0, 0.0, 3.0, 0.0], [0.0, 0.0, 0.0, 1.0, 0.0, 0.0, 0.0, 0.0, 4.0, 0.0], [1.0, 0.0, 0.0, 0.0, 0.0, 0.0, 0.0, 0.0, 0.0, 0.0]]","[[0.961038961038961, 0.0, 0.0, 0.025974025974025976, 0.0, 0.012987012987012988, 0.0, 0.0, 0.0, 0.0], [0.0, 1.0, 0.0, 0.0, 0.0, 0.0, 0.0, 0.0, 0.0, 0.0], [0.0, 0.0, 1.0, 0.0, 0.0, 0.0, 0.0, 0.0, 0.0, 0.0], [0.0, 0.07692307692307693, 0.0, 0.9230769230769231, 0.0, 0.0, 0.0, 0.0, 0.0, 0.0], [0.0, 0.0, 0.0, 0.0, 1.0, 0.0, 0.0, 0.0, 0.0, 0.0], [0.0, 0.0, 0.0, 0.0, 0.0, 1.0, 0.0, 0.0, 0.0, 0.0], [0.09090909090909091, 0.0, 0.09090909090909091, 0.0, 0.0, 0.09090909090909091, 0.7272727272727273, 0.0, 0.0, 0.0], [0.0, 0.0, 0.0, 0.0, 0.0, 0.0, 0.0, 0.0, 1.0, 0.0], [0.0, 0.0, 0.0, 0.2, 0.0, 0.0, 0.0, 0.0, 0.8, 0.0], [1.0, 0.0, 0.0, 0.0, 0.0, 0.0, 0.0, 0.0, 0.0, 0.0]]","[""BENIGN"", ""FTP-PATATOR"", ""DOS GOLDENEYE"", ""SSH-PATATOR"", ""DDOS"", ""PORTSCAN"", ""DOS HULK"", ""WEB ATTACK \ufffd XSS"", ""WEB ATTACK \ufffd BRUTE FORCE"", ""WEB ATTACK \ufffd SQL INJECTION""]",0.05194805194805195,0.9961709059590201,0.4407506585121155,0.9881235154394299,0.05194805194805195,0.4407506585121155,,16.99392058643586,17.253141727829785,1.6483868890886761,164.83869637358686,99.82354199746624,1,0.01,64,,,,,,,,,,,,False,False,,
0,1,1430,10,2.363704204559326,0.045454545454545456,0.6911746382713317,0.7867132867132867,0.010317460317460317,0.39479835332255775,0.39479835332255775,0.10389610389610393,"{""0"": 0.7840909090909091, ""1"": 0.0, ""2"": 0.8, ""3"": 0.0, ""4"": 0.9217391304347826, ""5"": 0.8865979381443299, ""6"": 0.5555555555555556, ""7"": 0.0, ""8"": 0.0, ""9"": 0.0}","{""0"": 0.696969696969697, ""1"": 0.0, ""2"": 1.0, ""3"": 0.0, ""4"": 0.8548387096774194, ""5"": 0.8113207547169812, ""6"": 0.7142857142857143, ""7"": 0.0, ""8"": 0.0, ""9"": 0.0}","{""0"": 0.8961038961038961, ""1"": 0.0, ""2"": 0.6666666666666666, ""3"": 0.0, ""4"": 1.0, ""5"": 0.9772727272727273, ""6"": 0.45454545454545453, ""7"": 0.0, ""8"": 0.0, ""9"": 0.0}","[[69.0, 0.0, 0.0, 0.0, 4.0, 4.0, 0.0, 0.0, 0.0, 0.0], [9.0, 0.0, 0.0, 0.0, 0.0, 8.0, 0.0, 0.0, 0.0, 0.0], [1.0, 0.0, 12.0, 0.0, 3.0, 0.0, 2.0, 0.0, 0.0, 0.0], [13.0, 0.0, 0.0, 0.0, 0.0, 0.0, 0.0, 0.0, 0.0, 0.0], [0.0, 0.0, 0.0, 0.0, 53.0, 0.0, 0.0, 0.0, 0.0, 0.0], [2.0, 0.0, 0.0, 0.0, 0.0, 86.0, 0.0, 0.0, 0.0, 0.0], [3.0, 0.0, 0.0, 0.0, 2.0, 1.0, 5.0, 0.0, 0.0, 0.0], [0.0, 0.0, 0.0, 0.0, 0.0, 3.0, 0.0, 0.0, 0.0, 0.0], [1.0, 0.0, 0.0, 0.0, 0.0, 4.0, 0.0, 0.0, 0.0, 0.0], [1.0, 0.0, 0.0, 0.0, 0.0, 0.0, 0.0, 0.0, 0.0, 0.0]]","[[0.8961038961038961, 0.0, 0.0, 0.0, 0.05194805194805195, 0.05194805194805195, 0.0, 0.0, 0.0, 0.0], [0.5294117647058824, 0.0, 0.0, 0.0, 0.0, 0.47058823529411764, 0.0, 0.0, 0.0, 0.0], [0.05555555555555555, 0.0, 0.6666666666666666, 0.0, 0.16666666666666666, 0.0, 0.1111111111111111, 0.0, 0.0, 0.0], [1.0, 0.0, 0.0, 0.0, 0.0, 0.0, 0.0, 0.0, 0.0, 0.0], [0.0, 0.0, 0.0, 0.0, 1.0, 0.0, 0.0, 0.0, 0.0, 0.0], [0.022727272727272728, 0.0, 0.0, 0.0, 0.0, 0.9772727272727273, 0.0, 0.0, 0.0, 0.0], [0.2727272727272727, 0.0, 0.0, 0.0, 0.18181818181818182, 0.09090909090909091, 0.45454545454545453, 0.0, 0.0, 0.0], [0.0, 0.0, 0.0, 0.0, 0.0, 1.0, 0.0, 0.0, 0.0, 0.0], [0.2, 0.0, 0.0, 0.0, 0.0, 0.8, 0.0, 0.0, 0.0, 0.0], [1.0, 0.0, 0.0, 0.0, 0.0, 0.0, 0.0, 0.0, 0.0, 0.0]]","[""BENIGN"", ""FTP-PATATOR"", ""DOS GOLDENEYE"", ""SSH-PATATOR"", ""DDOS"", ""PORTSCAN"", ""DOS HULK"", ""WEB ATTACK \ufffd XSS"", ""WEB ATTACK \ufffd BRUTE FORCE"", ""WEB ATTACK \ufffd SQL INJECTION""]",0.07792207792207792,0.9781890297125249,0.8122889995574951,0.8772845953002611,0.07792207792207792,0.8122889995574951,,5.979510341394314,8.308678145040536,5.278111992041333,527.811224338397,1501.5509580116486,1,0.01,64,,,,,,,,,,,,False,False,,
0,2,1430,10,0.8154765009880066,0.7412587412587412,0.42630223035812376,0.9055944055944056,0.39177328351527557,0.6200091587188361,0.6200091587188361,0.1558441558441559,"{""0"": 0.9090909090909091, ""1"": 0.918918918918919, ""2"": 0.918918918918919, ""3"": 0.7741935483870968, ""4"": 0.954954954954955, ""5"": 0.946236559139785, ""6"": 0.7777777777777778, ""7"": 0.0, ""8"": 0.0, ""9"": 0.0}","{""0"": 0.9848484848484849, ""1"": 0.85, ""2"": 0.8947368421052632, ""3"": 0.6666666666666666, ""4"": 0.9137931034482759, ""5"": 0.8979591836734694, ""6"": 1.0, ""7"": 0.0, ""8"": 0.0, ""9"": 0.0}","{""0"": 0.8441558441558441, ""1"": 1.0, ""2"": 0.9444444444444444, ""3"": 0.9230769230769231, ""4"": 1.0, ""5"": 1.0, ""6"": 0.6363636363636364, ""7"": 0.0, ""8"": 0.0, ""9"": 0.0}","[[65.0, 2.0, 1.0, 4.0, 3.0, 2.0, 0.0, 0.0, 0.0, 0.0], [0.0, 17.0, 0.0, 0.0, 0.0, 0.0, 0.0, 0.0, 0.0, 0.0], [1.0, 0.0, 17.0, 0.0, 0.0, 0.0, 0.0, 0.0, 0.0, 0.0], [0.0, 1.0, 0.0, 12.0, 0.0, 0.0, 0.0, 0.0, 0.0, 0.0], [0.0, 0.0, 0.0, 0.0, 53.0, 0.0, 0.0, 0.0, 0.0, 0.0], [0.0, 0.0, 0.0, 0.0, 0.0, 88.0, 0.0, 0.0, 0.0, 0.0], [0.0, 0.0, 0.0, 0.0, 2.0, 2.0, 7.0, 0.0, 0.0, 0.0], [0.0, 0.0, 0.0, 0.0, 0.0, 3.0, 0.0, 0.0, 0.0, 0.0], [0.0, 0.0, 0.0, 2.0, 0.0, 3.0, 0.0, 0.0, 0.0, 0.0], [0.0, 0.0, 1.0, 0.0, 0.0, 0.0, 0.0, 0.0, 0.0, 0.0]]","[[0.8441558441558441, 0.025974025974025976, 0.012987012987012988, 0.05194805194805195, 0.03896103896103896, 0.025974025974025976, 0.0, 0.0, 0.0, 0.0], [0.0, 1.0, 0.0, 0.0, 0.0, 0.0, 0.0, 0.0, 0.0, 0.0], [0.05555555555555555, 0.0, 0.9444444444444444, 0.0, 0.0, 0.0, 0.0, 0.0, 0.0, 0.0], [0.0, 0.07692307692307693, 0.0, 0.9230769230769231, 0.0, 0.0, 0.0, 0.0, 0.0, 0.0], [0.0, 0.0, 0.0, 0.0, 1.0, 0.0, 0.0, 0.0, 0.0, 0.0], [0.0, 0.0, 0.0, 0.0, 0.0, 1.0, 0.0, 0.0, 0.0, 0.0], [0.0, 0.0, 0.0, 0.0, 0.18181818181818182, 0.18181818181818182, 0.6363636363636364, 0.0, 0.0, 0.0], [0.0, 0.0, 0.0, 0.0, 0.0, 1.0, 0.0, 0.0, 0.0, 0.0], [0.0, 0.0, 0.0, 0.4, 0.0, 0.6, 0.0, 0.0, 0.0, 0.0], [0.0, 0.0, 1.0, 0.0, 0.0, 0.0, 0.0, 0.0, 0.0, 0.0]]","[""BENIGN"", ""FTP-PATATOR"", ""DOS GOLDENEYE"", ""SSH-PATATOR"", ""DDOS"", ""PORTSCAN"", ""DOS HULK"", ""WEB ATTACK \ufffd XSS"", ""WEB ATTACK \ufffd BRUTE FORCE"", ""WEB ATTACK \ufffd SQL INJECTION""]",0.03896103896103896,0.9745327685042537,0.9350768327713013,0.9128205128205128,0.03896103896103896,0.9350768327713013,,7.847585997259908,9.85889302525062,3.7817947654372284,378.17949253847723,161.8255829962436,1,0.01,64,,,,,,,,,,,,False,False,,
0,3,1430,10,0.2935794100165367,0.916083916083916,0.32736579775810243,0.9265734265734266,0.6326420898164018,0.6858642341722948,0.6858642341722948,0.11688311688311692,"{""0"": 0.9251700680272109, ""1"": 0.9444444444444444, ""2"": 0.918918918918919, ""3"": 0.8, ""4"": 0.9636363636363636, ""5"": 0.9832402234636871, ""6"": 0.7777777777777778, ""7"": 0.0, ""8"": 0.5454545454545454, ""9"": 0.0}","{""0"": 0.9714285714285714, ""1"": 0.8947368421052632, ""2"": 0.8947368421052632, ""3"": 0.7058823529411765, ""4"": 0.9298245614035088, ""5"": 0.967032967032967, ""6"": 1.0, ""7"": 0.0, ""8"": 0.5, ""9"": 0.0}","{""0"": 0.8831168831168831, ""1"": 1.0, ""2"": 0.9444444444444444, ""3"": 0.9230769230769231, ""4"": 1.0, ""5"": 1.0, ""6"": 0.6363636363636364, ""7"": 0.0, ""8"": 0.6, ""9"": 0.0}","[[68.0, 1.0, 1.0, 3.0, 2.0, 2.0, 0.0, 0.0, 0.0, 0.0], [0.0, 17.0, 0.0, 0.0, 0.0, 0.0, 0.0, 0.0, 0.0, 0.0], [1.0, 0.0, 17.0, 0.0, 0.0, 0.0, 0.0, 0.0, 0.0, 0.0], [0.0, 1.0, 0.0, 12.0, 0.0, 0.0, 0.0, 0.0, 0.0, 0.0], [0.0, 0.0, 0.0, 0.0, 53.0, 0.0, 0.0, 0.0, 0.0, 0.0], [0.0, 0.0, 0.0, 0.0, 0.0, 88.0, 0.0, 0.0, 0.0, 0.0], [1.0, 0.0, 0.0, 0.0, 2.0, 1.0, 7.0, 0.0, 0.0, 0.0], [0.0, 0.0, 0.0, 0.0, 0.0, 0.0, 0.0, 0.0, 3.0, 0.0], [0.0, 0.0, 0.0, 2.0, 0.0, 0.0, 0.0, 0.0, 3.0, 0.0], [0.0, 0.0, 1.0, 0.0, 0.0, 0.0, 0.0, 0.0, 0.0, 0.0]]","[[0.8831168831168831, 0.012987012987012988, 0.012987012987012988, 0.03896103896103896, 0.025974025974025976, 0.025974025974025976, 0.0, 0.0, 0.0, 0.0], [0.0, 1.0, 0.0, 0.0, 0.0, 0.0, 0.0, 0.0, 0.0, 0.0], [0.05555555555555555, 0.0, 0.9444444444444444, 0.0, 0.0, 0.0, 0.0, 0.0, 0.0, 0.0], [0.0, 0.07692307692307693, 0.0, 0.9230769230769231, 0.0, 0.0, 0.0, 0.0, 0.0, 0.0], [0.0, 0.0, 0.0, 0.0, 1.0, 0.0, 0.0, 0.0, 0.0, 0.0], [0.0, 0.0, 0.0, 0.0, 0.0, 1.0, 0.0, 0.0, 0.0, 0.0], [0.09090909090909091, 0.0, 0.0, 0.0, 0.18181818181818182, 0.09090909090909091, 0.6363636363636364, 0.0, 0.0, 0.0], [0.0, 0.0, 0.0, 0.0, 0.0, 0.0, 0.0, 0.0, 1.0, 0.0], [0.0, 0.0, 0.0, 0.4, 0.0, 0.0, 0.0, 0.0, 0.6, 0.0], [0.0, 0.0, 1.0, 0.0, 0.0, 0.0, 0.0, 0.0, 0.0, 0.0]]","[""BENIGN"", ""FTP-PATATOR"", ""DOS GOLDENEYE"", ""SSH-PATATOR"", ""DDOS"", ""PORTSCAN"", ""DOS HULK"", ""WEB ATTACK \ufffd XSS"", ""WEB ATTACK \ufffd BRUTE FORCE"", ""WEB ATTACK \ufffd SQL INJECTION""]",0.12987012987012986,0.9875414173922539,0.5583206415176392,0.971830985915493,0.12987012987012986,0.5583206415176392,,9.678335706580674,10.794796476538222,2.5427297028972653,254.27298352870264,168.22212499391753,1,0.01,64,,,,,,,,,,,,False,False,,
0,4,1430,10,0.22521722614765166,0.9335664335664335,0.24071639478206636,0.9405594405594405,0.7011445921300495,0.7102517934484518,0.7102517934484518,0.09090909090909094,"{""0"": 0.9459459459459459, ""1"": 0.9444444444444444, ""2"": 0.9230769230769231, ""3"": 0.8888888888888888, ""4"": 0.9724770642201835, ""5"": 0.9832402234636871, ""6"": 0.7777777777777778, ""7"": 0.0, ""8"": 0.6666666666666666, ""9"": 0.0}","{""0"": 0.9859154929577465, ""1"": 0.8947368421052632, ""2"": 0.8571428571428571, ""3"": 0.8571428571428571, ""4"": 0.9464285714285714, ""5"": 0.967032967032967, ""6"": 1.0, ""7"": 0.0, ""8"": 0.5714285714285714, ""9"": 0.0}","{""0"": 0.9090909090909091, ""1"": 1.0, ""2"": 1.0, ""3"": 0.9230769230769231, ""4"": 1.0, ""5"": 1.0, ""6"": 0.6363636363636364, ""7"": 0.0, ""8"": 0.8, ""9"": 0.0}","[[70.0, 1.0, 1.0, 1.0, 2.0, 2.0, 0.0, 0.0, 0.0, 0.0], [0.0, 17.0, 0.0, 0.0, 0.0, 0.0, 0.0, 0.0, 0.0, 0.0], [0.0, 0.0, 18.0, 0.0, 0.0, 0.0, 0.0, 0.0, 0.0, 0.0], [0.0, 1.0, 0.0, 12.0, 0.0, 0.0, 0.0, 0.0, 0.0, 0.0], [0.0, 0.0, 0.0, 0.0, 53.0, 0.0, 0.0, 0.0, 0.0, 0.0], [0.0, 0.0, 0.0, 0.0, 0.0, 88.0, 0.0, 0.0, 0.0, 0.0], [1.0, 0.0, 1.0, 0.0, 1.0, 1.0, 7.0, 0.0, 0.0, 0.0], [0.0, 0.0, 0.0, 0.0, 0.0, 0.0, 0.0, 0.0, 3.0, 0.0], [0.0, 0.0, 0.0, 1.0, 0.0, 0.0, 0.0, 0.0, 4.0, 0.0], [0.0, 0.0, 1.0, 0.0, 0.0, 0.0, 0.0, 0.0, 0.0, 0.0]]","[[0.9090909090909091, 0.012987012987012988, 0.012987012987012988, 0.012987012987012988, 0.025974025974025976, 0.025974025974025976, 0.0, 0.0, 0.0, 0.0], [0.0, 1.0, 0.0, 0.0, 0.0, 0.0, 0.0, 0.0, 0.0, 0.0], [0.0, 0.0, 1.0, 0.0, 0.0, 0.0, 0.0, 0.0, 0.0, 0.0], [0.0, 0.07692307692307693, 0.0, 0.9230769230769231, 0.0, 0.0, 0.0, 0.0, 0.0, 0.0], [0.0, 0.0, 0.0, 0.0, 1.0, 0.0, 0.0, 0.0, 0.0, 0.0], [0.0, 0.0, 0.0, 0.0, 0.0, 1.0, 0.0, 0.0, 0.0, 0.0], [0.09090909090909091, 0.0, 0.09090909090909091, 0.0, 0.09090909090909091, 0.09090909090909091, 0.6363636363636364, 0.0, 0.0, 0.0], [0.0, 0.0, 0.0, 0.0, 0.0, 0.0, 0.0, 0.0, 1.0, 0.0], [0.0, 0.0, 0.0, 0.2, 0.0, 0.0, 0.0, 0.0, 0.8, 0.0], [0.0, 0.0, 1.0, 0.0, 0.0, 0.0, 0.0, 0.0, 0.0, 0.0]]","[""BENIGN"", ""FTP-PATATOR"", ""DOS GOLDENEYE"", ""SSH-PATATOR"", ""DDOS"", ""PORTSCAN"", ""DOS HULK"", ""WEB ATTACK \ufffd XSS"", ""WEB ATTACK \ufffd BRUTE FORCE"", ""WEB ATTACK \ufffd SQL INJECTION""]",0.06493506493506493,0.9930613045425578,0.8408826589584351,0.973621103117506,0.06493506493506493,0.8408826589584351,,10.656506076655653,11.579139893436102,2.1847601128347858,218.47601204142393,104.02870899997652,1,0.01,64,,,,,,,,,,,,False,False,,
0,5,1430,10,0.1955599185079336,0.9440559440559441,0.27213532403111457,0.9195804195804196,0.7164952236107119,0.6800530103617761,0.6800530103617761,0.1298701298701299,"{""0"": 0.9115646258503401, ""1"": 0.9444444444444444, ""2"": 0.9, ""3"": 0.8888888888888888, ""4"": 0.9724770642201835, ""5"": 0.9772727272727273, ""6"": 0.7058823529411765, ""7"": 0.0, ""8"": 0.5, ""9"": 0.0}","{""0"": 0.9571428571428572, ""1"": 0.8947368421052632, ""2"": 0.8181818181818182, ""3"": 0.8571428571428571, ""4"": 0.9464285714285714, ""5"": 0.9772727272727273, ""6"": 1.0, ""7"": 0.0, ""8"": 0.36363636363636365, ""9"": 0.0}","{""0"": 0.8701298701298701, ""1"": 1.0, ""2"": 1.0, ""3"": 0.9230769230769231, ""4"": 1.0, ""5"": 0.9772727272727273, ""6"": 0.5454545454545454, ""7"": 0.0, ""8"": 0.8, ""9"": 0.0}","[[67.0, 1.0, 1.0, 1.0, 2.0, 1.0, 0.0, 0.0, 4.0, 0.0], [0.0, 17.0, 0.0, 0.0, 0.0, 0.0, 0.0, 0.0, 0.0, 0.0], [0.0, 0.0, 18.0, 0.0, 0.0, 0.0, 0.0, 0.0, 0.0, 0.0], [0.0, 1.0, 0.0, 12.0, 0.0, 0.0, 0.0, 0.0, 0.0, 0.0], [0.0, 0.0, 0.0, 0.0, 53.0, 0.0, 0.0, 0.0, 0.0, 0.0], [2.0, 0.0, 0.0, 0.0, 0.0, 86.0, 0.0, 0.0, 0.0, 0.0], [1.0, 0.0, 2.0, 0.0, 1.0, 1.0, 6.0, 0.0, 0.0, 0.0], [0.0, 0.0, 0.0, 0.0, 0.0, 0.0, 0.0, 0.0, 3.0, 0.0], [0.0, 0.0, 0.0, 1.0, 0.0, 0.0, 0.0, 0.0, 4.0, 0.0], [0.0, 0.0, 1.0, 0.0, 0.0, 0.0, 0.0, 0.0, 0.0, 0.0]]","[[0.8701298701298701, 0.012987012987012988, 0.012987012987012988, 0.012987012987012988, 0.025974025974025976, 0.012987012987012988, 0.0, 0.0, 0.05194805194805195, 0.0], [0.0, 1.0, 0.0, 0.0, 0.0, 0.0, 0.0, 0.0, 0.0, 0.0], [0.0, 0.0, 1.0, 0.0, 0.0, 0.0, 0.0, 0.0, 0.0, 0.0], [0.0, 0.07692307692307693, 0.0, 0.9230769230769231, 0.0, 0.0, 0.0, 0.0, 0.0, 0.0], [0.0, 0.0, 0.0, 0.0, 1.0, 0.0, 0.0, 0.0, 0.0, 0.0], [0.022727272727272728, 0.0, 0.0, 0.0, 0.0, 0.9772727272727273, 0.0, 0.0, 0.0, 0.0], [0.09090909090909091, 0.0, 0.18181818181818182, 0.0, 0.09090909090909091, 0.09090909090909091, 0.5454545454545454, 0.0, 0.0, 0.0], [0.0, 0.0, 0.0, 0.0, 0.0, 0.0, 0.0, 0.0, 1.0, 0.0], [0.0, 0.0, 0.0, 0.2, 0.0, 0.0, 0.0, 0.0, 0.8, 0.0], [0.0, 0.0, 1.0, 0.0, 0.0, 0.0, 0.0, 0.0, 0.0, 0.0]]","[""BENIGN"", ""FTP-PATATOR"", ""DOS GOLDENEYE"", ""SSH-PATATOR"", ""DDOS"", ""PORTSCAN"", ""DOS HULK"", ""WEB ATTACK \ufffd XSS"", ""WEB ATTACK \ufffd BRUTE FORCE"", ""WEB ATTACK \ufffd SQL INJECTION""]",0.12987012987012986,0.9948398611788775,0.469757616519928,0.9742388758782201,0.12987012987012986,0.469757616519928,,11.358244545187352,11.93253147747884,2.126403675447792,212.6403737371876,100.069459003862,1,0.01,64,,,,,,,,,,,,False,False,,
0,6,1430,10,0.18400369323790072,0.9370629370629371,0.24053807146847248,0.9335664335664335,0.700959145133457,0.7095821028292625,0.7095821028292625,0.09090909090909094,"{""0"": 0.9271523178807947, ""1"": 0.918918918918919, ""2"": 0.9444444444444444, ""3"": 0.8888888888888888, ""4"": 0.9724770642201835, ""5"": 0.9772727272727273, ""6"": 0.8, ""7"": 0.0, ""8"": 0.6666666666666666, ""9"": 0.0}","{""0"": 0.9459459459459459, ""1"": 0.85, ""2"": 0.9444444444444444, ""3"": 0.8571428571428571, ""4"": 0.9464285714285714, ""5"": 0.9772727272727273, ""6"": 0.8888888888888888, ""7"": 0.0, ""8"": 0.5714285714285714, ""9"": 0.0}","{""0"": 0.9090909090909091, ""1"": 1.0, ""2"": 0.9444444444444444, ""3"": 0.9230769230769231, ""4"": 1.0, ""5"": 0.9772727272727273, ""6"": 0.7272727272727273, ""7"": 0.0, ""8"": 0.8, ""9"": 0.0}","[[70.0, 2.0, 0.0, 1.0, 2.0, 1.0, 1.0, 0.0, 0.0, 0.0], [0.0, 17.0, 0.0, 0.0, 0.0, 0.0, 0.0, 0.0, 0.0, 0.0], [1.0, 0.0, 17.0, 0.0, 0.0, 0.0, 0.0, 0.0, 0.0, 0.0], [0.0, 1.0, 0.0, 12.0, 0.0, 0.0, 0.0, 0.0, 0.0, 0.0], [0.0, 0.0, 0.0, 0.0, 53.0, 0.0, 0.0, 0.0, 0.0, 0.0], [2.0, 0.0, 0.0, 0.0, 0.0, 86.0, 0.0, 0.0, 0.0, 0.0], [0.0, 0.0, 1.0, 0.0, 1.0, 1.0, 8.0, 0.0, 0.0, 0.0], [0.0, 0.0, 0.0, 0.0, 0.0, 0.0, 0.0, 0.0, 3.0, 0.0], [0.0, 0.0, 0.0, 1.0, 0.0, 0.0, 0.0, 0.0, 4.0, 0.0], [1.0, 0.0, 0.0, 0.0, 0.0, 0.0, 0.0, 0.0, 0.0, 0.0]]","[[0.9090909090909091, 0.025974025974025976, 0.0, 0.012987012987012988, 0.025974025974025976, 0.012987012987012988, 0.012987012987012988, 0.0, 0.0, 0.0], [0.0, 1.0, 0.0, 0.0, 0.0, 0.0, 0.0, 0.0, 0.0, 0.0], [0.05555555555555555, 0.0, 0.9444444444444444, 0.0, 0.0, 0.0, 0.0, 0.0, 0.0, 0.0], [0.0, 0.07692307692307693, 0.0, 0.9230769230769231, 0.0, 0.0, 0.0, 0.0, 0.0, 0.0], [0.0, 0.0, 0.0, 0.0, 1.0, 0.0, 0.0, 0.0, 0.0, 0.0], [0.022727272727272728, 0.0, 0.0, 0.0, 0.0, 0.9772727272727273, 0.0, 0.0, 0.0, 0.0], [0.0, 0.0, 0.09090909090909091, 0.0, 0.09090909090909091, 0.09090909090909091, 0.7272727272727273, 0.0, 0.0, 0.0], [0.0, 0.0, 0.0, 0.0, 0.0, 0.0, 0.0, 0.0, 1.0, 0.0], [0.0, 0.0, 0.0, 0.2, 0.0, 0.0, 0.0, 0.0, 0.8, 0.0], [1.0, 0.0, 0.0, 0.0, 0.0, 0.0, 0.0, 0.0, 0.0, 0.0]]","[""BENIGN"", ""FTP-PATATOR"", ""DOS GOLDENEYE"", ""SSH-PATATOR"", ""DDOS"", ""PORTSCAN"", ""DOS HULK"", ""WEB ATTACK \ufffd XSS"", ""WEB ATTACK \ufffd BRUTE FORCE"", ""WEB ATTACK \ufffd SQL INJECTION""]",0.03896103896103896,0.993304366623822,0.9160448908805847,0.9633251833740831,0.03896103896103896,0.9160448908805847,,11.85625249920961,12.389419818752462,1.9351277814584191,193.51278543741387,102.04912499466445,1,0.01,64,,,,,,,,,,,,False,False,,
0,7,1430,10,0.18801301755011082,0.9475524475524476,0.20168304182589053,0.951048951048951,0.7292356307783637,0.7123374216365079,0.7123374216365079,0.051948051948051965,"{""0"": 0.9668874172185431, ""1"": 0.9714285714285714, ""2"": 0.9473684210526315, ""3"": 0.8888888888888888, ""4"": 0.9724770642201835, ""5"": 0.9887640449438202, ""6"": 0.8421052631578947, ""7"": 0.0, ""8"": 0.5454545454545454, ""9"": 0.0}","{""0"": 0.9864864864864865, ""1"": 0.9444444444444444, ""2"": 0.9, ""3"": 0.8571428571428571, ""4"": 0.9464285714285714, ""5"": 0.9777777777777777, ""6"": 1.0, ""7"": 0.0, ""8"": 0.5, ""9"": 0.0}","{""0"": 0.948051948051948, ""1"": 1.0, ""2"": 1.0, ""3"": 0.9230769230769231, ""4"": 1.0, ""5"": 1.0, ""6"": 0.7272727272727273, ""7"": 0.0, ""8"": 0.6, ""9"": 0.0}","[[73.0, 0.0, 0.0, 1.0, 2.0, 1.0, 0.0, 0.0, 0.0, 0.0], [0.0, 17.0, 0.0, 0.0, 0.0, 0.0, 0.0, 0.0, 0.0, 0.0], [0.0, 0.0, 18.0, 0.0, 0.0, 0.0, 0.0, 0.0, 0.0, 0.0], [0.0, 1.0, 0.0, 12.0, 0.0, 0.0, 0.0, 0.0, 0.0, 0.0], [0.0, 0.0, 0.0, 0.0, 53.0, 0.0, 0.0, 0.0, 0.0, 0.0], [0.0, 0.0, 0.0, 0.0, 0.0, 88.0, 0.0, 0.0, 0.0, 0.0], [0.0, 0.0, 1.0, 0.0, 1.0, 1.0, 8.0, 0.0, 0.0, 0.0], [0.0, 0.0, 0.0, 0.0, 0.0, 0.0, 0.0, 0.0, 3.0, 0.0], [1.0, 0.0, 0.0, 1.0, 0.0, 0.0, 0.0, 0.0, 3.0, 0.0], [0.0, 0.0, 1.0, 0.0, 0.0, 0.0, 0.0, 0.0, 0.0, 0.0]]","[[0.948051948051948, 0.0, 0.0, 0.012987012987012988, 0.025974025974025976, 0.012987012987012988, 0.0, 0.0, 0.0, 0.0], [0.0, 1.0, 0.0, 0.0, 0.0, 0.0, 0.0, 0.0, 0.0, 0.0], [0.0, 0.0, 1.0, 0.0, 0.0, 0.0, 0.0, 0.0, 0.0, 0.0], [0.0, 0.07692307692307693, 0.0, 0.9230769230769231, 0.0, 0.0, 0.0, 0.0, 0.0, 0.0], [0.0, 0.0, 0.0, 0.0, 1.0, 0.0, 0.0, 0.0, 0.0, 0.0], [0.0, 0.0, 0.0, 0.0, 0.0, 1.0, 0.0, 0.0, 0.0, 0.0], [0.0, 0.0, 0.09090909090909091, 0.0, 0.09090909090909091, 0.09090909090909091, 0.7272727272727273, 0.0, 0.0, 0.0], [0.0, 0.0, 0.0, 0.0, 0.0, 0.0, 0.0, 0.0, 1.0, 0.0], [0.2, 0.0, 0.0, 0.2, 0.0, 0.0, 0.0, 0.0, 0.6, 0.0], [0.0, 0.0, 1.0, 0.0, 0.0, 0.0, 0.0, 0.0, 0.0, 0.0]]","[""BENIGN"", ""FTP-PATATOR"", ""DOS GOLDENEYE"", ""SSH-PATATOR"", ""DDOS"", ""PORTSCAN"", ""DOS HULK"", ""WEB ATTACK \ufffd XSS"", ""WEB ATTACK \ufffd BRUTE FORCE"", ""WEB ATTACK \ufffd SQL INJECTION""]",0.07792207792207792,0.995712249345962,0.4504917860031128,0.9858490566037735,0.07792207792207792,0.4504917860031128,,12.338792311120802,12.942840039051955,2.023264283329233,202.32643285461032,99.57808299805038,1,0.01,64,,,,,,,,,,,,False,False,,
0,8,1430,10,0.17899819798767566,0.9405594405594405,0.22264993153512477,0.9370629370629371,0.7179291996874042,0.7428820791139679,0.7428820791139679,0.09090909090909094,"{""0"": 0.9395973154362416, ""1"": 0.9444444444444444, ""2"": 0.9473684210526315, ""3"": 0.8888888888888888, ""4"": 0.9724770642201835, ""5"": 0.9772727272727273, ""6"": 0.8421052631578947, ""7"": 0.6666666666666666, ""8"": 0.25, ""9"": 0.0}","{""0"": 0.9722222222222222, ""1"": 0.8947368421052632, ""2"": 0.9, ""3"": 0.8571428571428571, ""4"": 0.9464285714285714, ""5"": 0.9772727272727273, ""6"": 1.0, ""7"": 0.5, ""8"": 0.3333333333333333, ""9"": 0.0}","{""0"": 0.9090909090909091, ""1"": 1.0, ""2"": 1.0, ""3"": 0.9230769230769231, ""4"": 1.0, ""5"": 0.9772727272727273, ""6"": 0.7272727272727273, ""7"": 1.0, ""8"": 0.2, ""9"": 0.0}","[[70.0, 1.0, 0.0, 1.0, 2.0, 1.0, 0.0, 0.0, 2.0, 0.0], [0.0, 17.0, 0.0, 0.0, 0.0, 0.0, 0.0, 0.0, 0.0, 0.0], [0.0, 0.0, 18.0, 0.0, 0.0, 0.0, 0.0, 0.0, 0.0, 0.0], [0.0, 1.0, 0.0, 12.0, 0.0, 0.0, 0.0, 0.0, 0.0, 0.0], [0.0, 0.0, 0.0, 0.0, 53.0, 0.0, 0.0, 0.0, 0.0, 0.0], [2.0, 0.0, 0.0, 0.0, 0.0, 86.0, 0.0, 0.0, 0.0, 0.0], [0.0, 0.0, 1.0, 0.0, 1.0, 1.0, 8.0, 0.0, 0.0, 0.0], [0.0, 0.0, 0.0, 0.0, 0.0, 0.0, 0.0, 3.0, 0.0, 0.0], [0.0, 0.0, 0.0, 1.0, 0.0, 0.0, 0.0, 3.0, 1.0, 0.0], [0.0, 0.0, 1.0, 0.0, 0.0, 0.0, 0.0, 0.0, 0.0, 0.0]]","[[0.9090909090909091, 0.012987012987012988, 0.0, 0.012987012987012988, 0.025974025974025976, 0.012987012987012988, 0.0, 0.0, 0.025974025974025976, 0.0], [0.0, 1.0, 0.0, 0.0, 0.0, 0.0, 0.0, 0.0, 0.0, 0.0], [0.0, 0.0, 1.0, 0.0, 0.0, 0.0, 0.0, 0.0, 0.0, 0.0], [0.0, 0.07692307692307693, 0.0, 0.9230769230769231, 0.0, 0.0, 0.0, 0.0, 0.0, 0.0], [0.0, 0.0, 0.0, 0.0, 1.0, 0.0, 0.0, 0.0, 0.0, 0.0], [0.022727272727272728, 0.0, 0.0, 0.0, 0.0, 0.9772727272727273, 0.0, 0.0, 0.0, 0.0], [0.0, 0.0, 0.09090909090909091, 0.0, 0.09090909090909091, 0.09090909090909091, 0.7272727272727273, 0.0, 0.0, 0.0], [0.0, 0.0, 0.0, 0.0, 0.0, 0.0, 0.0, 1.0, 0.0, 0.0], [0.0, 0.0, 0.0, 0.2, 0.0, 0.0, 0.0, 0.6, 0.2, 0.0], [0.0, 0.0, 1.0, 0.0, 0.0, 0.0, 0.0, 0.0, 0.0, 0.0]]","[""BENIGN"", ""FTP-PATATOR"", ""DOS GOLDENEYE"", ""SSH-PATATOR"", ""DDOS"", ""PORTSCAN"", ""DOS HULK"", ""WEB ATTACK \ufffd XSS"", ""WEB ATTACK \ufffd BRUTE FORCE"", ""WEB ATTACK \ufffd SQL INJECTION""]",0.06493506493506493,0.9961029943844537,0.754570484161377,0.9760765550239234,0.06493506493506493,0.754570484161377,,12.809934139937623,13.178565649734859,1.8897031083071747,188.97031503505258,98.57416700106114,1,0.01,64,,,,,,,,,,,,False,False,,
0,9,1430,10,0.1726418539881706,0.9475524475524476,0.2133456289768219,0.9265734265734266,0.7193535743535744,0.6943497860295053,0.6943497860295053,0.1298701298701299,"{""0"": 0.9178082191780822, ""1"": 0.9714285714285714, ""2"": 0.9473684210526315, ""3"": 0.8571428571428571, ""4"": 0.9724770642201835, ""5"": 0.9772727272727273, ""6"": 0.8, ""7"": 0.0, ""8"": 0.5, ""9"": 0.0}","{""0"": 0.9710144927536232, ""1"": 0.9444444444444444, ""2"": 0.9, ""3"": 0.8, ""4"": 0.9464285714285714, ""5"": 0.9772727272727273, ""6"": 0.8888888888888888, ""7"": 0.0, ""8"": 0.36363636363636365, ""9"": 0.0}","{""0"": 0.8701298701298701, ""1"": 1.0, ""2"": 1.0, ""3"": 0.9230769230769231, ""4"": 1.0, ""5"": 0.9772727272727273, ""6"": 0.7272727272727273, ""7"": 0.0, ""8"": 0.8, ""9"": 0.0}","[[67.0, 0.0, 0.0, 2.0, 2.0, 1.0, 1.0, 0.0, 4.0, 0.0], [0.0, 17.0, 0.0, 0.0, 0.0, 0.0, 0.0, 0.0, 0.0, 0.0], [0.0, 0.0, 18.0, 0.0, 0.0, 0.0, 0.0, 0.0, 0.0, 0.0], [0.0, 1.0, 0.0, 12.0, 0.0, 0.0, 0.0, 0.0, 0.0, 0.0], [0.0, 0.0, 0.0, 0.0, 53.0, 0.0, 0.0, 0.0, 0.0, 0.0], [2.0, 0.0, 0.0, 0.0, 0.0, 86.0, 0.0, 0.0, 0.0, 0.0], [0.0, 0.0, 1.0, 0.0, 1.0, 1.0, 8.0, 0.0, 0.0, 0.0], [0.0, 0.0, 0.0, 0.0, 0.0, 0.0, 0.0, 0.0, 3.0, 0.0], [0.0, 0.0, 0.0, 1.0, 0.0, 0.0, 0.0, 0.0, 4.0, 0.0], [0.0, 0.0, 1.0, 0.0, 0.0, 0.0, 0.0, 0.0, 0.0, 0.0]]","[[0.8701298701298701, 0.0, 0.0, 0.025974025974025976, 0.025974025974025976, 0.012987012987012988, 0.012987012987012988, 0.0, 0.05194805194805195, 0.0], [0.0, 1.0, 0.0, 0.0, 0.0, 0.0, 0.0, 0.0, 0.0, 0.0], [0.0, 0.0, 1.0, 0.0, 0.0, 0.0, 0.0, 0.0, 0.0, 0.0], [0.0, 0.07692307692307693, 0.0, 0.9230769230769231, 0.0, 0.0, 0.0, 0.0, 0.0, 0.0], [0.0, 0.0, 0.0, 0.0, 1.0, 0.0, 0.0, 0.0, 0.0, 0.0], [0.022727272727272728, 0.0, 0.0, 0.0, 0.0, 0.9772727272727273, 0.0, 0.0, 0.0, 0.0], [0.0, 0.0, 0.09090909090909091, 0.0, 0.09090909090909091, 0.09090909090909091, 0.7272727272727273, 0.0, 0.0, 0.0], [0.0, 0.0, 0.0, 0.0, 0.0, 0.0, 0.0, 0.0, 1.0, 0.0], [0.0, 0.0, 0.0, 0.2, 0.0, 0.0, 0.0, 0.0, 0.8, 0.0], [0.0, 0.0, 1.0, 0.0, 0.0, 0.0, 0.0, 0.0, 0.0, 0.0]]","[""BENIGN"", ""FTP-PATATOR"", ""DOS GOLDENEYE"", ""SSH-PATATOR"", ""DDOS"", ""PORTSCAN"", ""DOS HULK"", ""WEB ATTACK \ufffd XSS"", ""WEB ATTACK \ufffd BRUTE FORCE"", ""WEB ATTACK \ufffd SQL INJECTION""]",0.18181818181818182,0.9955213337074047,0.19916510581970215,0.9675925925925926,0.18181818181818182,0.19916510581970215,,13.183821452682215,13.600779137246112,1.9605881937441934,196.05882334157525,126.80633300624322,1,0.01,64,,,,,,,,,,,,False,False,,
0,10,1430,10,0.17246037609875203,0.9405594405594405,0.27267520800232886,0.9405594405594405,0.720847995022307,0.743134255051044,0.743134255051044,0.051948051948051965,"{""0"": 0.9419354838709677, ""1"": 0.9714285714285714, ""2"": 0.8484848484848485, ""3"": 0.8571428571428571, ""4"": 0.9814814814814815, ""5"": 0.9887640449438202, ""6"": 0.8421052631578947, ""7"": 0.6666666666666666, ""8"": 0.3333333333333333, ""9"": 0.0}","{""0"": 0.9358974358974359, ""1"": 0.9444444444444444, ""2"": 0.9333333333333333, ""3"": 0.8, ""4"": 0.9636363636363636, ""5"": 0.9777777777777777, ""6"": 1.0, ""7"": 0.5, ""8"": 1.0, ""9"": 0.0}","{""0"": 0.948051948051948, ""1"": 1.0, ""2"": 0.7777777777777778, ""3"": 0.9230769230769231, ""4"": 1.0, ""5"": 1.0, ""6"": 0.7272727272727273, ""7"": 1.0, ""8"": 0.2, ""9"": 0.0}","[[73.0, 0.0, 0.0, 2.0, 1.0, 1.0, 0.0, 0.0, 0.0, 0.0], [0.0, 17.0, 0.0, 0.0, 0.0, 0.0, 0.0, 0.0, 0.0, 0.0], [4.0, 0.0, 14.0, 0.0, 0.0, 0.0, 0.0, 0.0, 0.0, 0.0], [0.0, 1.0, 0.0, 12.0, 0.0, 0.0, 0.0, 0.0, 0.0, 0.0], [0.0, 0.0, 0.0, 0.0, 53.0, 0.0, 0.0, 0.0, 0.0, 0.0], [0.0, 0.0, 0.0, 0.0, 0.0, 88.0, 0.0, 0.0, 0.0, 0.0], [0.0, 0.0, 1.0, 0.0, 1.0, 1.0, 8.0, 0.0, 0.0, 0.0], [0.0, 0.0, 0.0, 0.0, 0.0, 0.0, 0.0, 3.0, 0.0, 0.0], [0.0, 0.0, 0.0, 1.0, 0.0, 0.0, 0.0, 3.0, 1.0, 0.0], [1.0, 0.0, 0.0, 0.0, 0.0, 0.0, 0.0, 0.0, 0.0, 0.0]]","[[0.948051948051948, 0.0, 0.0, 0.025974025974025976, 0.012987012987012988, 0.012987012987012988, 0.0, 0.0, 0.0, 0.0], [0.0, 1.0, 0.0, 0.0, 0.0, 0.0, 0.0, 0.0, 0.0, 0.0], [0.2222222222222222, 0.0, 0.7777777777777778, 0.0, 0.0, 0.0, 0.0, 0.0, 0.0, 0.0], [0.0, 0.07692307692307693, 0.0, 0.9230769230769231, 0.0, 0.0, 0.0, 0.0, 0.0, 0.0], [0.0, 0.0, 0.0, 0.0, 1.0, 0.0, 0.0, 0.0, 0.0, 0.0], [0.0, 0.0, 0.0, 0.0, 0.0, 1.0, 0.0, 0.0, 0.0, 0.0], [0.0, 0.0, 0.09090909090909091, 0.0, 0.09090909090909091, 0.09090909090909091, 0.7272727272727273, 0.0, 0.0, 0.0], [0.0, 0.0, 0.0, 0.0, 0.0, 0.0, 0.0, 1.0, 0.0, 0.0], [0.0, 0.0, 0.0, 0.2, 0.0, 0.0, 0.0, 0.6, 0.2, 0.0], [1.0, 0.0, 0.0, 0.0, 0.0, 0.0, 0.0, 0.0, 0.0, 0.0]]","[""BENIGN"", ""FTP-PATATOR"", ""DOS GOLDENEYE"", ""SSH-PATATOR"", ""DDOS"", ""PORTSCAN"", ""DOS HULK"", ""WEB ATTACK \ufffd XSS"", ""WEB ATTACK \ufffd BRUTE FORCE"", ""WEB ATTACK \ufffd SQL INJECTION""]",0.06493506493506493,0.9951284264716471,0.4308648109436035,0.9760765550239234,0.06493506493506493,0.4308648109436035,,13.651570033795798,14.092043218224063,1.8564647812314106,185.64648045543473,97.10037500190083,1,0.01,64,,,,,,,,,,,,False,False,,
0,11,1430,10,0.17175881415605546,0.951048951048951,0.21679286174476148,0.9265734265734266,0.7645038295038294,0.69849136362835,0.69849136362835,0.1298701298701299,"{""0"": 0.9178082191780822, ""1"": 0.9714285714285714, ""2"": 0.972972972972973, ""3"": 0.8571428571428571, ""4"": 0.954954954954955, ""5"": 0.9772727272727273, ""6"": 0.8, ""7"": 0.0, ""8"": 0.5333333333333333, ""9"": 0.0}","{""0"": 0.9710144927536232, ""1"": 0.9444444444444444, ""2"": 0.9473684210526315, ""3"": 0.8, ""4"": 0.9137931034482759, ""5"": 0.9772727272727273, ""6"": 0.8888888888888888, ""7"": 0.0, ""8"": 0.4, ""9"": 0.0}","{""0"": 0.8701298701298701, ""1"": 1.0, ""2"": 1.0, ""3"": 0.9230769230769231, ""4"": 1.0, ""5"": 0.9772727272727273, ""6"": 0.7272727272727273, ""7"": 0.0, ""8"": 0.8, ""9"": 0.0}","[[67.0, 0.0, 0.0, 2.0, 3.0, 1.0, 1.0, 0.0, 3.0, 0.0], [0.0, 17.0, 0.0, 0.0, 0.0, 0.0, 0.0, 0.0, 0.0, 0.0], [0.0, 0.0, 18.0, 0.0, 0.0, 0.0, 0.0, 0.0, 0.0, 0.0], [0.0, 1.0, 0.0, 12.0, 0.0, 0.0, 0.0, 0.0, 0.0, 0.0], [0.0, 0.0, 0.0, 0.0, 53.0, 0.0, 0.0, 0.0, 0.0, 0.0], [2.0, 0.0, 0.0, 0.0, 0.0, 86.0, 0.0, 0.0, 0.0, 0.0], [0.0, 0.0, 0.0, 0.0, 2.0, 1.0, 8.0, 0.0, 0.0, 0.0], [0.0, 0.0, 0.0, 0.0, 0.0, 0.0, 0.0, 0.0, 3.0, 0.0], [0.0, 0.0, 0.0, 1.0, 0.0, 0.0, 0.0, 0.0, 4.0, 0.0], [0.0, 0.0, 1.0, 0.0, 0.0, 0.0, 0.0, 0.0, 0.0, 0.0]]","[[0.8701298701298701, 0.0, 0.0, 0.025974025974025976, 0.03896103896103896, 0.012987012987012988, 0.012987012987012988, 0.0, 0.03896103896103896, 0.0], [0.0, 1.0, 0.0, 0.0, 0.0, 0.0, 0.0, 0.0, 0.0, 0.0], [0.0, 0.0, 1.0, 0.0, 0.0, 0.0, 0.0, 0.0, 0.0, 0.0], [0.0, 0.07692307692307693, 0.0, 0.9230769230769231, 0.0, 0.0, 0.0, 0.0, 0.0, 0.0], [0.0, 0.0, 0.0, 0.0, 1.0, 0.0, 0.0, 0.0, 0.0, 0.0], [0.022727272727272728, 0.0, 0.0, 0.0, 0.0, 0.9772727272727273, 0.0, 0.0, 0.0, 0.0], [0.0, 0.0, 0.0, 0.0, 0.18181818181818182, 0.09090909090909091, 0.7272727272727273, 0.0, 0.0, 0.0], [0.0, 0.0, 0.0, 0.0, 0.0, 0.0, 0.0, 0.0, 1.0, 0.0], [0.0, 0.0, 0.0, 0.2, 0.0, 0.0, 0.0, 0.0, 0.8, 0.0], [0.0, 0.0, 1.0, 0.0, 0.0, 0.0, 0.0, 0.0, 0.0, 0.0]]","[""BENIGN"", ""FTP-PATATOR"", ""DOS GOLDENEYE"", ""SSH-PATATOR"", ""DDOS"", ""PORTSCAN"", ""DOS HULK"", ""WEB ATTACK \ufffd XSS"", ""WEB ATTACK \ufffd BRUTE FORCE"", ""WEB ATTACK \ufffd SQL INJECTION""]",0.1038961038961039,0.9929992703959554,0.6834677457809448,0.9764150943396226,0.1038961038961039,0.6834677457809448,,13.988735371099592,14.305935219830127,1.8099643473327038,180.99644224347992,97.7892079972662,1,0.01,64,,,,,,,,,,,,False,False,,
0,12,1430,10,0.16898598596453668,0.9405594405594405,0.30731803830713034,0.9265734265734266,0.7207769841618223,0.6985172638868029,0.6985172638868029,0.09090909090909094,"{""0"": 0.9210526315789473, ""1"": 0.9714285714285714, ""2"": 0.8484848484848485, ""3"": 0.7741935483870968, ""4"": 0.9724770642201835, ""5"": 0.9887640449438202, ""6"": 0.8421052631578947, ""7"": 0.6666666666666666, ""8"": 0.0, ""9"": 0.0}","{""0"": 0.9333333333333333, ""1"": 0.9444444444444444, ""2"": 0.9333333333333333, ""3"": 0.6666666666666666, ""4"": 0.9464285714285714, ""5"": 0.9777777777777777, ""6"": 1.0, ""7"": 0.5, ""8"": 0.0, ""9"": 0.0}","{""0"": 0.9090909090909091, ""1"": 1.0, ""2"": 0.7777777777777778, ""3"": 0.9230769230769231, ""4"": 1.0, ""5"": 1.0, ""6"": 0.7272727272727273, ""7"": 1.0, ""8"": 0.0, ""9"": 0.0}","[[70.0, 0.0, 0.0, 4.0, 2.0, 1.0, 0.0, 0.0, 0.0, 0.0], [0.0, 17.0, 0.0, 0.0, 0.0, 0.0, 0.0, 0.0, 0.0, 0.0], [4.0, 0.0, 14.0, 0.0, 0.0, 0.0, 0.0, 0.0, 0.0, 0.0], [0.0, 1.0, 0.0, 12.0, 0.0, 0.0, 0.0, 0.0, 0.0, 0.0], [0.0, 0.0, 0.0, 0.0, 53.0, 0.0, 0.0, 0.0, 0.0, 0.0], [0.0, 0.0, 0.0, 0.0, 0.0, 88.0, 0.0, 0.0, 0.0, 0.0], [0.0, 0.0, 1.0, 0.0, 1.0, 1.0, 8.0, 0.0, 0.0, 0.0], [0.0, 0.0, 0.0, 0.0, 0.0, 0.0, 0.0, 3.0, 0.0, 0.0], [0.0, 0.0, 0.0, 2.0, 0.0, 0.0, 0.0, 3.0, 0.0, 0.0], [1.0, 0.0, 0.0, 0.0, 0.0, 0.0, 0.0, 0.0, 0.0, 0.0]]","[[0.9090909090909091, 0.0, 0.0, 0.05194805194805195, 0.025974025974025976, 0.012987012987012988, 0.0, 0.0, 0.0, 0.0], [0.0, 1.0, 0.0, 0.0, 0.0, 0.0, 0.0, 0.0, 0.0, 0.0], [0.2222222222222222, 0.0, 0.7777777777777778, 0.0, 0.0, 0.0, 0.0, 0.0, 0.0, 0.0], [0.0, 0.07692307692307693, 0.0, 0.9230769230769231, 0.0, 0.0, 0.0, 0.0, 0.0, 0.0], [0.0, 0.0, 0.0, 0.0, 1.0, 0.0, 0.0, 0.0, 0.0, 0.0], [0.0, 0.0, 0.0, 0.0, 0.0, 1.0, 0.0, 0.0, 0.0, 0.0], [0.0, 0.0, 0.09090909090909091, 0.0, 0.09090909090909091, 0.09090909090909091, 0.7272727272727273, 0.0, 0.0, 0.0], [0.0, 0.0, 0.0, 0.0, 0.0, 0.0, 0.0, 1.0, 0.0, 0.0], [0.0, 0.0, 0.0, 0.4, 0.0, 0.0, 0.0, 0.6, 0.0, 0.0], [1.0, 0.0, 0.0, 0.0, 0.0, 0.0, 0.0, 0.0, 0.0, 0.0]]","[""BENIGN"", ""FTP-PATATOR"", ""DOS GOLDENEYE"", ""SSH-PATATOR"", ""DDOS"", ""PORTSCAN"", ""DOS HULK"", ""WEB ATTACK \ufffd XSS"", ""WEB ATTACK \ufffd BRUTE FORCE"", ""WEB ATTACK \ufffd SQL INJECTION""]",0.14285714285714285,0.9947607248787264,0.16758722066879272,0.9647058823529412,0.14285714285714285,0.16758722066879272,,14.351056183972432,14.784904340767394,2.0783688440930965,207.83688561106715,175.4146250023041,1,0.01,64,,,,,,,,,,,,False,False,,
0,13,1430,10,0.15704729836434125,0.9440559440559441,0.2889496944844723,0.9440559440559441,0.7242528094867241,0.7462455049313896,0.7462455049313896,0.07792207792207795,"{""0"": 0.9530201342281879, ""1"": 0.9714285714285714, ""2"": 0.9473684210526315, ""3"": 0.8571428571428571, ""4"": 0.9724770642201835, ""5"": 0.9832402234636871, ""6"": 0.7777777777777778, ""7"": 0.6666666666666666, ""8"": 0.3333333333333333, ""9"": 0.0}","{""0"": 0.9861111111111112, ""1"": 0.9444444444444444, ""2"": 0.9, ""3"": 0.8, ""4"": 0.9464285714285714, ""5"": 0.967032967032967, ""6"": 1.0, ""7"": 0.5, ""8"": 1.0, ""9"": 0.0}","{""0"": 0.922077922077922, ""1"": 1.0, ""2"": 1.0, ""3"": 0.9230769230769231, ""4"": 1.0, ""5"": 1.0, ""6"": 0.6363636363636364, ""7"": 1.0, ""8"": 0.2, ""9"": 0.0}","[[71.0, 0.0, 0.0, 2.0, 2.0, 2.0, 0.0, 0.0, 0.0, 0.0], [0.0, 17.0, 0.0, 0.0, 0.0, 0.0, 0.0, 0.0, 0.0, 0.0], [0.0, 0.0, 18.0, 0.0, 0.0, 0.0, 0.0, 0.0, 0.0, 0.0], [0.0, 1.0, 0.0, 12.0, 0.0, 0.0, 0.0, 0.0, 0.0, 0.0], [0.0, 0.0, 0.0, 0.0, 53.0, 0.0, 0.0, 0.0, 0.0, 0.0], [0.0, 0.0, 0.0, 0.0, 0.0, 88.0, 0.0, 0.0, 0.0, 0.0], [0.0, 0.0, 2.0, 0.0, 1.0, 1.0, 7.0, 0.0, 0.0, 0.0], [0.0, 0.0, 0.0, 0.0, 0.0, 0.0, 0.0, 3.0, 0.0, 0.0], [0.0, 0.0, 0.0, 1.0, 0.0, 0.0, 0.0, 3.0, 1.0, 0.0], [1.0, 0.0, 0.0, 0.0, 0.0, 0.0, 0.0, 0.0, 0.0, 0.0]]","[[0.922077922077922, 0.0, 0.0, 0.025974025974025976, 0.025974025974025976, 0.025974025974025976, 0.0, 0.0, 0.0, 0.0], [0.0, 1.0, 0.0, 0.0, 0.0, 0.0, 0.0, 0.0, 0.0, 0.0], [0.0, 0.0, 1.0, 0.0, 0.0, 0.0, 0.0, 0.0, 0.0, 0.0], [0.0, 0.07692307692307693, 0.0, 0.9230769230769231, 0.0, 0.0, 0.0, 0.0, 0.0, 0.0], [0.0, 0.0, 0.0, 0.0, 1.0, 0.0, 0.0, 0.0, 0.0, 0.0], [0.0, 0.0, 0.0, 0.0, 0.0, 1.0, 0.0, 0.0, 0.0, 0.0], [0.0, 0.0, 0.18181818181818182, 0.0, 0.09090909090909091, 0.09090909090909091, 0.6363636363636364, 0.0, 0.0, 0.0], [0.0, 0.0, 0.0, 0.0, 0.0, 0.0, 0.0, 1.0, 0.0, 0.0], [0.0, 0.0, 0.0, 0.2, 0.0, 0.0, 0.0, 0.6, 0.2, 0.0], [1.0, 0.0, 0.0, 0.0, 0.0, 0.0, 0.0, 0.0, 0.0, 0.0]]","[""BENIGN"", ""FTP-PATATOR"", ""DOS GOLDENEYE"", ""SSH-PATATOR"", ""DDOS"", ""PORTSCAN"", ""DOS HULK"", ""WEB ATTACK \ufffd XSS"", ""WEB ATTACK \ufffd BRUTE FORCE"", ""WEB ATTACK \ufffd SQL INJECTION""]",0.16883116883116883,0.9960391213715716,0.05493807792663574,0.9698375870069605,0.16883116883116883,0.05493807792663574,,14.68635094084318,15.06859699291834,1.7760932251304502,177.60933253795432,130.44362499204,1,0.01,64,,,,,,,,,,,,False,False,,
0,14,1430,10,0.15756707470864056,0.951048951048951,0.2944627249613404,0.9405594405594405,0.7308240670005376,0.6967644892245719,0.6967644892245719,0.09090909090909094,"{""0"": 0.9459459459459459, ""1"": 0.9444444444444444, ""2"": 0.9230769230769231, ""3"": 0.8571428571428571, ""4"": 1.0, ""5"": 0.9887640449438202, ""6"": 0.7368421052631579, ""7"": 0.0, ""8"": 0.5714285714285714, ""9"": 0.0}","{""0"": 0.9859154929577465, ""1"": 0.8947368421052632, ""2"": 0.8571428571428571, ""3"": 0.8, ""4"": 1.0, ""5"": 0.9777777777777777, ""6"": 0.875, ""7"": 0.0, ""8"": 0.4444444444444444, ""9"": 0.0}","{""0"": 0.9090909090909091, ""1"": 1.0, ""2"": 1.0, ""3"": 0.9230769230769231, ""4"": 1.0, ""5"": 1.0, ""6"": 0.6363636363636364, ""7"": 0.0, ""8"": 0.8, ""9"": 0.0}","[[70.0, 1.0, 0.0, 2.0, 0.0, 1.0, 1.0, 0.0, 2.0, 0.0], [0.0, 17.0, 0.0, 0.0, 0.0, 0.0, 0.0, 0.0, 0.0, 0.0], [0.0, 0.0, 18.0, 0.0, 0.0, 0.0, 0.0, 0.0, 0.0, 0.0], [0.0, 1.0, 0.0, 12.0, 0.0, 0.0, 0.0, 0.0, 0.0, 0.0], [0.0, 0.0, 0.0, 0.0, 53.0, 0.0, 0.0, 0.0, 0.0, 0.0], [0.0, 0.0, 0.0, 0.0, 0.0, 88.0, 0.0, 0.0, 0.0, 0.0], [1.0, 0.0, 2.0, 0.0, 0.0, 1.0, 7.0, 0.0, 0.0, 0.0], [0.0, 0.0, 0.0, 0.0, 0.0, 0.0, 0.0, 0.0, 3.0, 0.0], [0.0, 0.0, 0.0, 1.0, 0.0, 0.0, 0.0, 0.0, 4.0, 0.0], [0.0, 0.0, 1.0, 0.0, 0.0, 0.0, 0.0, 0.0, 0.0, 0.0]]","[[0.9090909090909091, 0.012987012987012988, 0.0, 0.025974025974025976, 0.0, 0.012987012987012988, 0.012987012987012988, 0.0, 0.025974025974025976, 0.0], [0.0, 1.0, 0.0, 0.0, 0.0, 0.0, 0.0, 0.0, 0.0, 0.0], [0.0, 0.0, 1.0, 0.0, 0.0, 0.0, 0.0, 0.0, 0.0, 0.0], [0.0, 0.07692307692307693, 0.0, 0.9230769230769231, 0.0, 0.0, 0.0, 0.0, 0.0, 0.0], [0.0, 0.0, 0.0, 0.0, 1.0, 0.0, 0.0, 0.0, 0.0, 0.0], [0.0, 0.0, 0.0, 0.0, 0.0, 1.0, 0.0, 0.0, 0.0, 0.0], [0.09090909090909091, 0.0, 0.18181818181818182, 0.0, 0.0, 0.09090909090909091, 0.6363636363636364, 0.0, 0.0, 0.0], [0.0, 0.0, 0.0, 0.0, 0.0, 0.0, 0.0, 0.0, 1.0, 0.0], [0.0, 0.0, 0.0, 0.2, 0.0, 0.0, 0.0, 0.0, 0.8, 0.0], [0.0, 0.0, 1.0, 0.0, 0.0, 0.0, 0.0, 0.0, 0.0, 0.0]]","[""BENIGN"", ""FTP-PATATOR"", ""DOS GOLDENEYE"", ""SSH-PATATOR"", ""DDOS"", ""PORTSCAN"", ""DOS HULK"", ""WEB ATTACK \ufffd XSS"", ""WEB ATTACK \ufffd BRUTE FORCE"", ""WEB ATTACK \ufffd SQL INJECTION""]",0.11688311688311688,0.9963453649597359,0.464149534702301,0.9789227166276346,0.11688311688311688,0.464149534702301,,15.029422087764356,15.490075171295477,1.9085034280662498,190.85034223770185,110.2847909933189,1,0.01,64,,,,,,,,,,,,False,False,,
0,15,1430,10,0.14888449814170598,0.9545454545454546,0.39881479684263466,0.9440559440559441,0.7285869553814035,0.7117267411060327,0.7117267411060327,0.038961038961038974,"{""0"": 0.9426751592356688, ""1"": 0.9714285714285714, ""2"": 0.8484848484848485, ""3"": 0.8571428571428571, ""4"": 1.0, ""5"": 0.9887640449438202, ""6"": 0.8421052631578947, ""7"": 0.0, ""8"": 0.6666666666666666, ""9"": 0.0}","{""0"": 0.925, ""1"": 0.9444444444444444, ""2"": 0.9333333333333333, ""3"": 0.8, ""4"": 1.0, ""5"": 0.9777777777777777, ""6"": 1.0, ""7"": 0.0, ""8"": 0.5714285714285714, ""9"": 0.0}","{""0"": 0.961038961038961, ""1"": 1.0, ""2"": 0.7777777777777778, ""3"": 0.9230769230769231, ""4"": 1.0, ""5"": 1.0, ""6"": 0.7272727272727273, ""7"": 0.0, ""8"": 0.8, ""9"": 0.0}","[[74.0, 0.0, 0.0, 2.0, 0.0, 1.0, 0.0, 0.0, 0.0, 0.0], [0.0, 17.0, 0.0, 0.0, 0.0, 0.0, 0.0, 0.0, 0.0, 0.0], [4.0, 0.0, 14.0, 0.0, 0.0, 0.0, 0.0, 0.0, 0.0, 0.0], [0.0, 1.0, 0.0, 12.0, 0.0, 0.0, 0.0, 0.0, 0.0, 0.0], [0.0, 0.0, 0.0, 0.0, 53.0, 0.0, 0.0, 0.0, 0.0, 0.0], [0.0, 0.0, 0.0, 0.0, 0.0, 88.0, 0.0, 0.0, 0.0, 0.0], [1.0, 0.0, 1.0, 0.0, 0.0, 1.0, 8.0, 0.0, 0.0, 0.0], [0.0, 0.0, 0.0, 0.0, 0.0, 0.0, 0.0, 0.0, 3.0, 0.0], [0.0, 0.0, 0.0, 1.0, 0.0, 0.0, 0.0, 0.0, 4.0, 0.0], [1.0, 0.0, 0.0, 0.0, 0.0, 0.0, 0.0, 0.0, 0.0, 0.0]]","[[0.961038961038961, 0.0, 0.0, 0.025974025974025976, 0.0, 0.012987012987012988, 0.0, 0.0, 0.0, 0.0], [0.0, 1.0, 0.0, 0.0, 0.0, 0.0, 0.0, 0.0, 0.0, 0.0], [0.2222222222222222, 0.0, 0.7777777777777778, 0.0, 0.0, 0.0, 0.0, 0.0, 0.0, 0.0], [0.0, 0.07692307692307693, 0.0, 0.9230769230769231, 0.0, 0.0, 0.0, 0.0, 0.0, 0.0], [0.0, 0.0, 0.0, 0.0, 1.0, 0.0, 0.0, 0.0, 0.0, 0.0], [0.0, 0.0, 0.0, 0.0, 0.0, 1.0, 0.0, 0.0, 0.0, 0.0], [0.09090909090909091, 0.0, 0.09090909090909091, 0.0, 0.0, 0.09090909090909091, 0.7272727272727273, 0.0, 0.0, 0.0], [0.0, 0.0, 0.0, 0.0, 0.0, 0.0, 0.0, 0.0, 1.0, 0.0], [0.0, 0.0, 0.0, 0.2, 0.0, 0.0, 0.0, 0.0, 0.8, 0.0], [1.0, 0.0, 0.0, 0.0, 0.0, 0.0, 0.0, 0.0, 0.0, 0.0]]","[""BENIGN"", ""FTP-PATATOR"", ""DOS GOLDENEYE"", ""SSH-PATATOR"", ""DDOS"", ""PORTSCAN"", ""DOS HULK"", ""WEB ATTACK \ufffd XSS"", ""WEB ATTACK \ufffd BRUTE FORCE"", ""WEB ATTACK \ufffd SQL INJECTION""]",0.03896103896103896,0.9925708474160121,0.5421199798583984,0.9807692307692307,0.03896103896103896,0.5421199798583984,,15.393435936046062,15.728120600629465,1.8064898121236475,180.64898317559246,116.89258299884386,1,0.01,64,,,,,,,,,,,,False,False,,
0,16,1430,10,0.14379517920315266,0.951048951048951,0.20393089014105498,0.9405594405594405,0.7259572655578558,0.7142065365827186,0.7142065365827186,0.09090909090909094,"{""0"": 0.9395973154362416, ""1"": 0.9444444444444444, ""2"": 0.972972972972973, ""3"": 0.8571428571428571, ""4"": 0.9724770642201835, ""5"": 0.9887640449438202, ""6"": 0.8, ""7"": 0.6666666666666666, ""8"": 0.0, ""9"": 0.0}","{""0"": 0.9722222222222222, ""1"": 0.8947368421052632, ""2"": 0.9473684210526315, ""3"": 0.8, ""4"": 0.9464285714285714, ""5"": 0.9777777777777777, ""6"": 0.8888888888888888, ""7"": 0.5, ""8"": 0.0, ""9"": 0.0}","{""0"": 0.9090909090909091, ""1"": 1.0, ""2"": 1.0, ""3"": 0.9230769230769231, ""4"": 1.0, ""5"": 1.0, ""6"": 0.7272727272727273, ""7"": 1.0, ""8"": 0.0, ""9"": 0.0}","[[70.0, 1.0, 0.0, 2.0, 2.0, 1.0, 1.0, 0.0, 0.0, 0.0], [0.0, 17.0, 0.0, 0.0, 0.0, 0.0, 0.0, 0.0, 0.0, 0.0], [0.0, 0.0, 18.0, 0.0, 0.0, 0.0, 0.0, 0.0, 0.0, 0.0], [0.0, 1.0, 0.0, 12.0, 0.0, 0.0, 0.0, 0.0, 0.0, 0.0], [0.0, 0.0, 0.0, 0.0, 53.0, 0.0, 0.0, 0.0, 0.0, 0.0], [0.0, 0.0, 0.0, 0.0, 0.0, 88.0, 0.0, 0.0, 0.0, 0.0], [0.0, 0.0, 1.0, 0.0, 1.0, 1.0, 8.0, 0.0, 0.0, 0.0], [0.0, 0.0, 0.0, 0.0, 0.0, 0.0, 0.0, 3.0, 0.0, 0.0], [1.0, 0.0, 0.0, 1.0, 0.0, 0.0, 0.0, 3.0, 0.0, 0.0], [1.0, 0.0, 0.0, 0.0, 0.0, 0.0, 0.0, 0.0, 0.0, 0.0]]","[[0.9090909090909091, 0.012987012987012988, 0.0, 0.025974025974025976, 0.025974025974025976, 0.012987012987012988, 0.012987012987012988, 0.0, 0.0, 0.0], [0.0, 1.0, 0.0, 0.0, 0.0, 0.0, 0.0, 0.0, 0.0, 0.0], [0.0, 0.0, 1.0, 0.0, 0.0, 0.0, 0.0, 0.0, 0.0, 0.0], [0.0, 0.07692307692307693, 0.0, 0.9230769230769231, 0.0, 0.0, 0.0, 0.0, 0.0, 0.0], [0.0, 0.0, 0.0, 0.0, 1.0, 0.0, 0.0, 0.0, 0.0, 0.0], [0.0, 0.0, 0.0, 0.0, 0.0, 1.0, 0.0, 0.0, 0.0, 0.0], [0.0, 0.0, 0.09090909090909091, 0.0, 0.09090909090909091, 0.09090909090909091, 0.7272727272727273, 0.0, 0.0, 0.0], [0.0, 0.0, 0.0, 0.0, 0.0, 0.0, 0.0, 1.0, 0.0, 0.0], [0.2, 0.0, 0.0, 0.2, 0.0, 0.0, 0.0, 0.6, 0.0, 0.0], [1.0, 0.0, 0.0, 0.0, 0.0, 0.0, 0.0, 0.0, 0.0, 0.0]]","[""BENIGN"", ""FTP-PATATOR"", ""DOS GOLDENEYE"", ""SSH-PATATOR"", ""DDOS"", ""PORTSCAN"", ""DOS HULK"", ""WEB ATTACK \ufffd XSS"", ""WEB ATTACK \ufffd BRUTE FORCE"", ""WEB ATTACK \ufffd SQL INJECTION""]",0.09090909090909091,0.9969444282486948,0.6200827956199646,0.9811320754716981,0.09090909090909091,0.6200827956199646,,15.724868832922041,16.02763750224082,1.6851689150717415,168.51689330407626,111.83658300433308,1,0.01,64,,,,,,,,,,,,False,False,,
0,17,1430,10,0.14716514609754086,0.958041958041958,0.3202864327467978,0.9335664335664335,0.7301671313114246,0.7038727564255846,0.7038727564255846,0.06493506493506496,"{""0"": 0.9290322580645162, ""1"": 0.918918918918919, ""2"": 0.875, ""3"": 0.8275862068965517, ""4"": 0.9906542056074766, ""5"": 0.9887640449438202, ""6"": 0.8421052631578947, ""7"": 0.6666666666666666, ""8"": 0.0, ""9"": 0.0}","{""0"": 0.9230769230769231, ""1"": 0.85, ""2"": 1.0, ""3"": 0.75, ""4"": 0.9814814814814815, ""5"": 0.9777777777777777, ""6"": 1.0, ""7"": 0.5, ""8"": 0.0, ""9"": 0.0}","{""0"": 0.935064935064935, ""1"": 1.0, ""2"": 0.7777777777777778, ""3"": 0.9230769230769231, ""4"": 1.0, ""5"": 1.0, ""6"": 0.7272727272727273, ""7"": 1.0, ""8"": 0.0, ""9"": 0.0}","[[72.0, 2.0, 0.0, 2.0, 0.0, 1.0, 0.0, 0.0, 0.0, 0.0], [0.0, 17.0, 0.0, 0.0, 0.0, 0.0, 0.0, 0.0, 0.0, 0.0], [4.0, 0.0, 14.0, 0.0, 0.0, 0.0, 0.0, 0.0, 0.0, 0.0], [0.0, 1.0, 0.0, 12.0, 0.0, 0.0, 0.0, 0.0, 0.0, 0.0], [0.0, 0.0, 0.0, 0.0, 53.0, 0.0, 0.0, 0.0, 0.0, 0.0], [0.0, 0.0, 0.0, 0.0, 0.0, 88.0, 0.0, 0.0, 0.0, 0.0], [1.0, 0.0, 0.0, 0.0, 1.0, 1.0, 8.0, 0.0, 0.0, 0.0], [0.0, 0.0, 0.0, 0.0, 0.0, 0.0, 0.0, 3.0, 0.0, 0.0], [0.0, 0.0, 0.0, 2.0, 0.0, 0.0, 0.0, 3.0, 0.0, 0.0], [1.0, 0.0, 0.0, 0.0, 0.0, 0.0, 0.0, 0.0, 0.0, 0.0]]","[[0.935064935064935, 0.025974025974025976, 0.0, 0.025974025974025976, 0.0, 0.012987012987012988, 0.0, 0.0, 0.0, 0.0], [0.0, 1.0, 0.0, 0.0, 0.0, 0.0, 0.0, 0.0, 0.0, 0.0], [0.2222222222222222, 0.0, 0.7777777777777778, 0.0, 0.0, 0.0, 0.0, 0.0, 0.0, 0.0], [0.0, 0.07692307692307693, 0.0, 0.9230769230769231, 0.0, 0.0, 0.0, 0.0, 0.0, 0.0], [0.0, 0.0, 0.0, 0.0, 1.0, 0.0, 0.0, 0.0, 0.0, 0.0], [0.0, 0.0, 0.0, 0.0, 0.0, 1.0, 0.0, 0.0, 0.0, 0.0], [0.09090909090909091, 0.0, 0.0, 0.0, 0.09090909090909091, 0.09090909090909091, 0.7272727272727273, 0.0, 0.0, 0.0], [0.0, 0.0, 0.0, 0.0, 0.0, 0.0, 0.0, 1.0, 0.0, 0.0], [0.0, 0.0, 0.0, 0.4, 0.0, 0.0, 0.0, 0.6, 0.0, 0.0], [1.0, 0.0, 0.0, 0.0, 0.0, 0.0, 0.0, 0.0, 0.0, 0.0]]","[""BENIGN"", ""FTP-PATATOR"", ""DOS GOLDENEYE"", ""SSH-PATATOR"", ""DDOS"", ""PORTSCAN"", ""DOS HULK"", ""WEB ATTACK \ufffd XSS"", ""WEB ATTACK \ufffd BRUTE FORCE"", ""WEB ATTACK \ufffd SQL INJECTION""]",0.09090909090909091,0.992892259674945,0.43762797117233276,0.9714285714285714,0.09090909090909091,0.43762797117233276,,16.062360998583845,16.3859178049539,2.0888073659840436,208.88074005887432,178.3839579875348,1,0.01,64,,,,,,,,,,,,False,False,,
0,18,1430,10,0.14749992676079274,0.958041958041958,0.1917553599923849,0.9475524475524476,0.7317544328987263,0.7230011357244597,0.7230011357244597,0.09090909090909094,"{""0"": 0.9459459459459459, ""1"": 0.9714285714285714, ""2"": 1.0, ""3"": 0.8275862068965517, ""4"": 0.9724770642201835, ""5"": 0.9887640449438202, ""6"": 0.8571428571428571, ""7"": 0.0, ""8"": 0.6666666666666666, ""9"": 0.0}","{""0"": 0.9859154929577465, ""1"": 0.9444444444444444, ""2"": 1.0, ""3"": 0.75, ""4"": 0.9464285714285714, ""5"": 0.9777777777777777, ""6"": 0.9, ""7"": 0.0, ""8"": 0.5714285714285714, ""9"": 0.0}","{""0"": 0.9090909090909091, ""1"": 1.0, ""2"": 1.0, ""3"": 0.9230769230769231, ""4"": 1.0, ""5"": 1.0, ""6"": 0.8181818181818182, ""7"": 0.0, ""8"": 0.8, ""9"": 0.0}","[[70.0, 0.0, 0.0, 3.0, 2.0, 1.0, 1.0, 0.0, 0.0, 0.0], [0.0, 17.0, 0.0, 0.0, 0.0, 0.0, 0.0, 0.0, 0.0, 0.0], [0.0, 0.0, 18.0, 0.0, 0.0, 0.0, 0.0, 0.0, 0.0, 0.0], [0.0, 1.0, 0.0, 12.0, 0.0, 0.0, 0.0, 0.0, 0.0, 0.0], [0.0, 0.0, 0.0, 0.0, 53.0, 0.0, 0.0, 0.0, 0.0, 0.0], [0.0, 0.0, 0.0, 0.0, 0.0, 88.0, 0.0, 0.0, 0.0, 0.0], [0.0, 0.0, 0.0, 0.0, 1.0, 1.0, 9.0, 0.0, 0.0, 0.0], [0.0, 0.0, 0.0, 0.0, 0.0, 0.0, 0.0, 0.0, 3.0, 0.0], [0.0, 0.0, 0.0, 1.0, 0.0, 0.0, 0.0, 0.0, 4.0, 0.0], [1.0, 0.0, 0.0, 0.0, 0.0, 0.0, 0.0, 0.0, 0.0, 0.0]]","[[0.9090909090909091, 0.0, 0.0, 0.03896103896103896, 0.025974025974025976, 0.012987012987012988, 0.012987012987012988, 0.0, 0.0, 0.0], [0.0, 1.0, 0.0, 0.0, 0.0, 0.0, 0.0, 0.0, 0.0, 0.0], [0.0, 0.0, 1.0, 0.0, 0.0, 0.0, 0.0, 0.0, 0.0, 0.0], [0.0, 0.07692307692307693, 0.0, 0.9230769230769231, 0.0, 0.0, 0.0, 0.0, 0.0, 0.0], [0.0, 0.0, 0.0, 0.0, 1.0, 0.0, 0.0, 0.0, 0.0, 0.0], [0.0, 0.0, 0.0, 0.0, 0.0, 1.0, 0.0, 0.0, 0.0, 0.0], [0.0, 0.0, 0.0, 0.0, 0.09090909090909091, 0.09090909090909091, 0.8181818181818182, 0.0, 0.0, 0.0], [0.0, 0.0, 0.0, 0.0, 0.0, 0.0, 0.0, 0.0, 1.0, 0.0], [0.0, 0.0, 0.0, 0.2, 0.0, 0.0, 0.0, 0.0, 0.8, 0.0], [1.0, 0.0, 0.0, 0.0, 0.0, 0.0, 0.0, 0.0, 0.0, 0.0]]","[""BENIGN"", ""FTP-PATATOR"", ""DOS GOLDENEYE"", ""SSH-PATATOR"", ""DDOS"", ""PORTSCAN"", ""DOS HULK"", ""WEB ATTACK \ufffd XSS"", ""WEB ATTACK \ufffd BRUTE FORCE"", ""WEB ATTACK \ufffd SQL INJECTION""]",0.11688311688311688,0.9958376625289446,0.15689349174499512,0.9789227166276346,0.11688311688311688,0.15689349174499512,,16.40278164033102,16.69095993338027,1.6896216105227642,168.96217228126113,114.51658300939016,1,0.01,64,,,,,,,,,,,,False,False,,
0,19,1430,10,0.1471192949451506,0.9545454545454546,0.24500701911747455,0.9440559440559441,0.728185510045427,0.7528529216459903,0.7528529216459903,0.07792207792207795,"{""0"": 0.9403973509933775, ""1"": 0.9714285714285714, ""2"": 0.9411764705882353, ""3"": 0.8571428571428571, ""4"": 0.9724770642201835, ""5"": 0.9887640449438202, ""6"": 0.8571428571428571, ""7"": 0.6666666666666666, ""8"": 0.3333333333333333, ""9"": 0.0}","{""0"": 0.9594594594594594, ""1"": 0.9444444444444444, ""2"": 1.0, ""3"": 0.8, ""4"": 0.9464285714285714, ""5"": 0.9777777777777777, ""6"": 0.9, ""7"": 0.5, ""8"": 1.0, ""9"": 0.0}","{""0"": 0.922077922077922, ""1"": 1.0, ""2"": 0.8888888888888888, ""3"": 0.9230769230769231, ""4"": 1.0, ""5"": 1.0, ""6"": 0.8181818181818182, ""7"": 1.0, ""8"": 0.2, ""9"": 0.0}","[[71.0, 0.0, 0.0, 2.0, 2.0, 1.0, 1.0, 0.0, 0.0, 0.0], [0.0, 17.0, 0.0, 0.0, 0.0, 0.0, 0.0, 0.0, 0.0, 0.0], [2.0, 0.0, 16.0, 0.0, 0.0, 0.0, 0.0, 0.0, 0.0, 0.0], [0.0, 1.0, 0.0, 12.0, 0.0, 0.0, 0.0, 0.0, 0.0, 0.0], [0.0, 0.0, 0.0, 0.0, 53.0, 0.0, 0.0, 0.0, 0.0, 0.0], [0.0, 0.0, 0.0, 0.0, 0.0, 88.0, 0.0, 0.0, 0.0, 0.0], [0.0, 0.0, 0.0, 0.0, 1.0, 1.0, 9.0, 0.0, 0.0, 0.0], [0.0, 0.0, 0.0, 0.0, 0.0, 0.0, 0.0, 3.0, 0.0, 0.0], [0.0, 0.0, 0.0, 1.0, 0.0, 0.0, 0.0, 3.0, 1.0, 0.0], [1.0, 0.0, 0.0, 0.0, 0.0, 0.0, 0.0, 0.0, 0.0, 0.0]]","[[0.922077922077922, 0.0, 0.0, 0.025974025974025976, 0.025974025974025976, 0.012987012987012988, 0.012987012987012988, 0.0, 0.0, 0.0], [0.0, 1.0, 0.0, 0.0, 0.0, 0.0, 0.0, 0.0, 0.0, 0.0], [0.1111111111111111, 0.0, 0.8888888888888888, 0.0, 0.0, 0.0, 0.0, 0.0, 0.0, 0.0], [0.0, 0.07692307692307693, 0.0, 0.9230769230769231, 0.0, 0.0, 0.0, 0.0, 0.0, 0.0], [0.0, 0.0, 0.0, 0.0, 1.0, 0.0, 0.0, 0.0, 0.0, 0.0], [0.0, 0.0, 0.0, 0.0, 0.0, 1.0, 0.0, 0.0, 0.0, 0.0], [0.0, 0.0, 0.0, 0.0, 0.09090909090909091, 0.09090909090909091, 0.8181818181818182, 0.0, 0.0, 0.0], [0.0, 0.0, 0.0, 0.0, 0.0, 0.0, 0.0, 1.0, 0.0, 0.0], [0.0, 0.0, 0.0, 0.2, 0.0, 0.0, 0.0, 0.6, 0.2, 0.0], [1.0, 0.0, 0.0, 0.0, 0.0, 0.0, 0.0, 0.0, 0.0, 0.0]]","[""BENIGN"", ""FTP-PATATOR"", ""DOS GOLDENEYE"", ""SSH-PATATOR"", ""DDOS"", ""PORTSCAN"", ""DOS HULK"", ""WEB ATTACK \ufffd XSS"", ""WEB ATTACK \ufffd BRUTE FORCE"", ""WEB ATTACK \ufffd SQL INJECTION""]",0.07792207792207792,0.9954125668816971,0.5920579433441162,0.9786223277909739,0.07792207792207792,0.5920579433441162,,16.724671517519184,17.031972854918003,1.7258711824960364,172.58711749056766,105.82441699807532,1,0.01,64,,,,,,,,,,,,False,False,,
0,20,1430,10,0.1421455478295684,0.9545454545454546,0.18553696870803832,0.9615384615384616,0.766014652014652,0.7304852382084789,0.7304852382084789,0.025974025974025983,"{""0"": 0.974025974025974, ""1"": 0.9714285714285714, ""2"": 0.972972972972973, ""3"": 0.8888888888888888, ""4"": 1.0, ""5"": 0.9887640449438202, ""6"": 0.8421052631578947, ""7"": 0.0, ""8"": 0.6666666666666666, ""9"": 0.0}","{""0"": 0.974025974025974, ""1"": 0.9444444444444444, ""2"": 0.9473684210526315, ""3"": 0.8571428571428571, ""4"": 1.0, ""5"": 0.9777777777777777, ""6"": 1.0, ""7"": 0.0, ""8"": 0.5714285714285714, ""9"": 0.0}","{""0"": 0.974025974025974, ""1"": 1.0, ""2"": 1.0, ""3"": 0.9230769230769231, ""4"": 1.0, ""5"": 1.0, ""6"": 0.7272727272727273, ""7"": 0.0, ""8"": 0.8, ""9"": 0.0}","[[75.0, 0.0, 0.0, 1.0, 0.0, 1.0, 0.0, 0.0, 0.0, 0.0], [0.0, 17.0, 0.0, 0.0, 0.0, 0.0, 0.0, 0.0, 0.0, 0.0], [0.0, 0.0, 18.0, 0.0, 0.0, 0.0, 0.0, 0.0, 0.0, 0.0], [0.0, 1.0, 0.0, 12.0, 0.0, 0.0, 0.0, 0.0, 0.0, 0.0], [0.0, 0.0, 0.0, 0.0, 53.0, 0.0, 0.0, 0.0, 0.0, 0.0], [0.0, 0.0, 0.0, 0.0, 0.0, 88.0, 0.0, 0.0, 0.0, 0.0], [1.0, 0.0, 1.0, 0.0, 0.0, 1.0, 8.0, 0.0, 0.0, 0.0], [0.0, 0.0, 0.0, 0.0, 0.0, 0.0, 0.0, 0.0, 3.0, 0.0], [0.0, 0.0, 0.0, 1.0, 0.0, 0.0, 0.0, 0.0, 4.0, 0.0], [1.0, 0.0, 0.0, 0.0, 0.0, 0.0, 0.0, 0.0, 0.0, 0.0]]","[[0.974025974025974, 0.0, 0.0, 0.012987012987012988, 0.0, 0.012987012987012988, 0.0, 0.0, 0.0, 0.0], [0.0, 1.0, 0.0, 0.0, 0.0, 0.0, 0.0, 0.0, 0.0, 0.0], [0.0, 0.0, 1.0, 0.0, 0.0, 0.0, 0.0, 0.0, 0.0, 0.0], [0.0, 0.07692307692307693, 0.0, 0.9230769230769231, 0.0, 0.0, 0.0, 0.0, 0.0, 0.0], [0.0, 0.0, 0.0, 0.0, 1.0, 0.0, 0.0, 0.0, 0.0, 0.0], [0.0, 0.0, 0.0, 0.0, 0.0, 1.0, 0.0, 0.0, 0.0, 0.0], [0.09090909090909091, 0.0, 0.09090909090909091, 0.0, 0.0, 0.09090909090909091, 0.7272727272727273, 0.0, 0.0, 0.0], [0.0, 0.0, 0.0, 0.0, 0.0, 0.0, 0.0, 0.0, 1.0, 0.0], [0.0, 0.0, 0.0, 0.2, 0.0, 0.0, 0.0, 0.0, 0.8, 0.0], [1.0, 0.0, 0.0, 0.0, 0.0, 0.0, 0.0, 0.0, 0.0, 0.0]]","[""BENIGN"", ""FTP-PATATOR"", ""DOS GOLDENEYE"", ""SSH-PATATOR"", ""DDOS"", ""PORTSCAN"", ""DOS HULK"", ""WEB ATTACK \ufffd XSS"", ""WEB ATTACK \ufffd BRUTE FORCE"", ""WEB ATTACK \ufffd SQL INJECTION""]",0.05194805194805195,0.9977394612088748,0.39234304428100586,0.9881235154394299,0.05194805194805195,0.39234304428100586,,17.047069188313518,17.29844719720513,1.6382602961501562,163.82603186205702,123.58862500695977,1,0.01,64,,,,,,,,,,,,False,False,,
