experiment,aggregation,alpha,seed,mu,dataset,num_clients,num_rounds,final_round,num_clients_reporting,macro_f1_mean,macro_f1_std,macro_f1_min,macro_f1_max,acc_mean,acc_std
dsedge-iiotset-nightly_comp_bulyan_alpha0.2_adv0_dp0_sigma0.0_pers0_mu0.0_cf1.0_le1_idx60_seed42,bulyan,0.2,42,0.0,edge-iiotset-nightly,6,15,15,6,0.6159888711132379,0.031122409519646056,0.5756075236456001,0.647738112852947,0.9704420630773241,0.04119225333122191
dsedge-iiotset-nightly_comp_fedavg_alpha0.5_adv0_dp0_pers5_mu0.0_seed47,fedavg,0.5,47,0.0,edge-iiotset-nightly,6,15,15,6,0.6244202670321438,0.04156280657743811,0.5606119313653933,0.6584743602486623,0.9707751889645944,0.03758137400169413
dsedge-iiotset-nightly_comp_fedprox_alphainf_adv0_dp0_pers0_mu0.01_seed46,unknown,,46,0.01,edge-iiotset-nightly,6,15,15,6,0.6904187569160629,0.029022010611948076,0.6641335146461382,0.7463065956269546,0.9644740666915825,0.002795601238927761
dsedge-iiotset-nightly_comp_fedprox_alphainf_adv0_dp0_pers0_mu0.05_seed42,unknown,,42,0.05,edge-iiotset-nightly,6,15,15,6,0.6282959557912433,0.02566334771909874,0.5901083334038831,0.6535264512736157,0.96255346538765,0.004151026425114243
dsedge-iiotset-nightly_comp_fedprox_alpha0.2_adv0_dp0_sigma0.0_pers0_mu0.1_cf1.0_le1_idx43_seed50,unknown,0.2,50,0.1,edge-iiotset-nightly,6,15,15,6,0.5053922985500925,0.04051732035130175,0.4571923747217046,0.5744490957596775,0.9704856820074839,0.03100250769323512
dsedge-iiotset-nightly_comp_fedavg_alpha0.5_adv0_dp0_pers5_mu0.0_seed48,fedavg,0.5,48,0.0,edge-iiotset-nightly,6,15,15,6,0.6726598905137012,0.042391118540318955,0.5980481848834868,0.7065202770007216,0.9681220377546241,0.020991343494544082
dsedge-iiotset-nightly_comp_fedavg_alpha0.1_adv0_dp0_pers0_mu0.0_seed45,fedavg,0.1,45,0.0,edge-iiotset-nightly,6,15,15,6,0.6125673500678568,0.058463179603504535,0.5475987278306629,0.7062832431890903,0.9722630445744709,0.0622211895659693
dsedge-iiotset-nightly_p0b1bacd1_comp_fedavg_alpha1.0_adv0_dp0_pers0_mu0.0_seed43_datasetedge-iiotset-nightly,fedavg,1.0,43,0.0,edge-iiotset-nightly,6,20,20,6,0.6801769942821125,0.03187453447382121,0.6316866225294943,0.7123800295676718,0.9639011638762681,0.003863255565573329
dsedge-iiotset-nightly_comp_fedprox_alpha0.05_adv0_dp0_sigma0.0_pers0_mu0.0_cf1.0_le1_idx4_seed51,unknown,0.05,51,0.0,edge-iiotset-nightly,6,15,15,6,0.4399115593368314,0.073061887619377,0.35487364460820153,0.5683643104929049,0.9764831944850071,0.04478242950018075
dsedge-iiotset-nightly_comp_fedprox_alpha0.2_adv0_dp0_pers0_mu0.1_seed46,unknown,0.2,46,0.1,edge-iiotset-nightly,6,15,15,6,0.44673685380391487,0.08245378604077953,0.34526871589994246,0.5411050590648012,0.9554387234436816,0.039310352581122594
dsedge-iiotset-nightly_comp_bulyan_alpha0.2_adv0_dp0_sigma0.0_pers0_mu0.0_cf1.0_le1_idx61_seed43,bulyan,0.2,43,0.0,edge-iiotset-nightly,6,15,15,6,0.6341638866752003,0.03627492956628572,0.5964045850287214,0.6784743674049929,0.9886449979184109,0.010005812025359198
dsedge-iiotset-nightly_comp_fedprox_alpha0.05_adv0_dp0_sigma0.0_pers0_mu0.0_cf1.0_le1_idx2_seed49,unknown,0.05,49,0.0,edge-iiotset-nightly,6,15,15,6,0.5014732613190502,0.05929097620451938,0.4399154841589817,0.5897166566633528,0.9905880219965769,0.012661069012807136
dsedge-iiotset-nightly_comp_fedprox_alpha0.05_adv0_dp0_pers0_mu0.05_seed43,unknown,0.05,43,0.05,edge-iiotset-nightly,6,15,15,6,0.41025062108954025,0.08520732984177337,0.29708141261492654,0.5347822373112189,0.9667954040235367,0.04014796869141767
dsedge-iiotset-nightly_comp_fedavg_alpha0.5_adv0_dp0_pers0_mu0.0_seed44,fedavg,0.5,44,0.0,edge-iiotset-nightly,6,15,15,6,0.6672717187719753,0.05874859985306458,0.5833544994207409,0.7634171168348051,0.9742855750027091,0.028550274222168714
dsedge-iiotset-nightly_comp_fedavg_alpha0.5_adv0_dp0_pers3_mu0.0_seed47,fedavg,0.5,47,0.0,edge-iiotset-nightly,6,15,15,6,0.6616856777177482,0.038331600115594736,0.6134747609499309,0.7212944415944968,0.9759578852764156,0.028381424577752574
dsedge-iiotset-nightly_comp_fedprox_alpha0.05_adv0_dp0_sigma0.0_pers0_mu0.1_cf1.0_le1_idx14_seed51,unknown,0.05,51,0.1,edge-iiotset-nightly,6,15,15,6,0.3364527459730039,0.08297092575589851,0.19969264293624084,0.45208411317094316,0.97379830807482,0.04670459809379211
dsedge-iiotset-nightly_comp_fedprox_alpha1.0_adv0_dp0_pers0_mu0.1_seed46_datasetedge-iiotset-nightly,unknown,1.0,46,0.1,edge-iiotset-nightly,6,20,20,6,0.7069270211216564,0.02614832153550682,0.6738522993492867,0.7349652239714145,0.9669760392010298,0.0016608918771513046
dsedge-iiotset-nightly_comp_bulyan_alpha0.05_adv0_dp0_sigma0.0_pers0_mu0.0_cf1.0_le1_idx4_seed51,bulyan,0.05,51,0.0,edge-iiotset-nightly,6,15,15,6,0.48381701406303457,0.08590970766604479,0.3858207178168621,0.6145649557225787,0.9766787101167815,0.045962077341632906
dsedge-iiotset-nightly_comp_fedprox_alpha0.1_adv0_dp0_sigma0.0_pers0_mu0.1_cf1.0_le1_idx28_seed50,unknown,0.1,50,0.1,edge-iiotset-nightly,6,15,15,6,0.42037410109856904,0.06972365879583435,0.325517048955228,0.5126742001327167,0.9670312198054136,0.04031709329173631
dsedge-iiotset-nightly_comp_bulyan_alpha1.0_adv0_dp0_pers0_mu0.0_seed45_datasetedge-iiotset-nightly,bulyan,1.0,45,0.0,edge-iiotset-nightly,6,20,20,6,0.7000902696172678,0.03366633547600266,0.6574918980462238,0.7341234538914629,0.966633445454923,0.003746234836235222
dsedge-iiotset-nightly_comp_fedprox_alpha0.05_adv0_dp0_pers0_mu0.01_seed46,unknown,0.05,46,0.01,edge-iiotset-nightly,6,15,15,6,0.49851941379324766,0.09492158629338397,0.4237233035509154,0.6848156532560202,0.9506534121849026,0.06344884740098328
dsedge-iiotset-nightly_comp_median_alpha1.0_adv0_dp0_pers0_mu0.0_seed42_datasetedge-iiotset-nightly,median,1.0,42,0.0,edge-iiotset-nightly,6,20,20,6,0.6987511098325839,0.038055887111228814,0.6282846902532264,0.7314750247834902,0.9661558905361073,0.0035662549156477625
dsedge-iiotset-nightly_comp_median_alpha1.0_adv0_dp0_pers0_mu0.0_seed45,median,1.0,45,0.0,edge-iiotset-nightly,6,15,15,6,0.654359190256726,0.03134640345505225,0.6127442063665264,0.6862029138891995,0.965636809102612,0.003144410067079476
dsedge-iiotset-nightly_comp_bulyan_alpha0.1_adv0_dp0_sigma0.0_pers0_mu0.0_cf1.0_le1_idx8_seed50,bulyan,0.1,50,0.0,edge-iiotset-nightly,6,15,15,6,0.5946998605692045,0.04536028602984597,0.5328671328671329,0.6503941999411108,0.9754137926863938,0.034534238895285674
dsedge-iiotset-nightly_p0b1bacd1_comp_krum_alpha1.0_adv0_dp0_pers0_mu0.0_seed51_datasetedge-iiotset-nightly,krum,1.0,51,0.0,edge-iiotset-nightly,6,20,20,6,0.6853082429057779,0.034516060384525454,0.6554100105282469,0.7310370946985126,0.9625526441360137,0.0029793531095018816
dsedge-iiotset-nightly_p0b1bacd1_comp_median_alpha1.0_adv0_dp0_pers0_mu0.0_seed43_datasetedge-iiotset-nightly,median,1.0,43,0.0,edge-iiotset-nightly,6,20,20,6,0.6932641473978629,0.012543437443959311,0.6762707938826148,0.7062427325853875,0.9632061575485986,0.003891114121259246
dsedge-iiotset-nightly_comp_fedprox_alphainf_adv0_dp0_pers0_mu0.05_seed43,unknown,,43,0.05,edge-iiotset-nightly,6,15,15,6,0.5841136862881129,0.02242086987346877,0.5455300028655589,0.6110161451764932,0.9557638802375317,0.007392451539880217
dsedge-iiotset-nightly_comp_fedprox_alpha1.0_adv0_dp0_pers0_mu0.01_seed43,unknown,1.0,43,0.01,edge-iiotset-nightly,6,15,15,6,0.6773626093897821,0.01312665433097986,0.6659551558901718,0.7017236018644782,0.961676033434203,0.022042867713207476
dsedge-iiotset-nightly_comp_fedprox_alpha1.0_adv0_dp0_pers0_mu0.05_seed46_datasetedge-iiotset-nightly,unknown,1.0,46,0.05,edge-iiotset-nightly,6,20,20,6,0.719678106350512,0.02697489298962832,0.669271098524473,0.7441132400047772,0.9679207674099912,0.0016843596642487195
dsedge-iiotset-nightly_comp_fedavg_alpha0.5_adv0_dp1_pers5_mu0.0_seed51,fedavg,0.5,51,0.0,edge-iiotset-nightly,6,15,15,6,0.6400713112222729,0.029509532655258776,0.6199364911876227,0.6928032386237502,0.9584047449806838,0.03017620225815272
dsedge-iiotset-nightly_comp_fedavg_alpha0.5_adv0_dp0_pers5_mu0.0_seed51,fedavg,0.5,51,0.0,edge-iiotset-nightly,6,15,15,6,0.657245269055698,0.023683617899192457,0.6255900366698565,0.688535731661888,0.959088868925225,0.028812172237638465
dsedge-iiotset-nightly_comp_fedprox_alphainf_adv0_dp0_pers0_mu0.05_seed45,unknown,,45,0.05,edge-iiotset-nightly,6,15,15,6,0.6138702824800236,0.021404755305354725,0.584064813148902,0.6413331478354276,0.96365391802666,0.00174043909850665
dsedge-iiotset-nightly_comp_median_alpha1.0_adv0_dp0_pers0_mu0.0_seed42,median,1.0,42,0.0,edge-iiotset-nightly,6,15,15,6,0.6584156877590761,0.014106924496776741,0.6410039852080505,0.6787158494386231,0.9622004900128732,0.004485800717856307
dsedge-iiotset-nightly_comp_fedprox_alpha0.1_adv0_dp0_pers0_mu0.1_seed45,unknown,0.1,45,0.1,edge-iiotset-nightly,6,15,15,6,0.414838632259454,0.0539937946427191,0.351913297449582,0.5050609147844709,0.961047338754144,0.0786772700038729
dsedge-iiotset-nightly_comp_fedprox_alpha1.0_adv0_dp0_pers0_mu0.05_seed45_datasetedge-iiotset-nightly,unknown,1.0,45,0.05,edge-iiotset-nightly,6,20,20,6,0.6866938744293557,0.04681287327898872,0.6182733532232387,0.7362672137914246,0.9646816992649807,0.005994205316129716
dsedge-iiotset-nightly_p0b1bacd1_comp_bulyan_alpha1.0_adv0_dp0_pers0_mu0.0_seed44_datasetedge-iiotset-nightly,bulyan,1.0,44,0.0,edge-iiotset-nightly,6,20,20,6,0.713516622808076,0.04643723776025919,0.641936136082808,0.7577877775791639,0.96627663326487,0.0019976479453145068
dsedge-iiotset-nightly_comp_fedavg_alpha0.05_adv0_dp0_pers0_mu0.0_seed46,fedavg,0.05,46,0.0,edge-iiotset-nightly,6,15,15,6,0.5135018721151059,0.03749084408218509,0.46850618825385054,0.5711021343373929,0.9519159364070924,0.062158401691586124
dsedge-iiotset-nightly_comp_fedprox_alpha0.5_adv0_dp0_pers0_mu0.1_seed45,unknown,0.5,45,0.1,edge-iiotset-nightly,6,15,15,6,0.5669254443264188,0.027235870730503035,0.5302432009926005,0.6007005119059328,0.9590982876731187,0.062472439138319034
dsedge-iiotset-nightly_comp_fedavg_alpha1.0_adv0_dp0_pers1_mu0.0_seed44,fedavg,1.0,44,0.0,edge-iiotset-nightly,12,15,15,12,0.6821738244691408,0.03591496024941048,0.6096505186605101,0.7384913074755413,0.9634774303392716,0.0057074276677530275
dsedge-iiotset-nightly_comp_fedprox_alpha0.2_adv0_dp0_pers0_mu0.05_seed45,unknown,0.2,45,0.05,edge-iiotset-nightly,6,15,15,6,0.5598350797743115,0.05764858177907814,0.47144249273351163,0.6259873444185104,0.9659134206015485,0.06860101376735443
dsedge-iiotset-nightly_comp_fedprox_alpha0.05_adv0_dp0_sigma0.0_pers0_mu0.0_cf1.0_le1_idx3_seed50,unknown,0.05,50,0.0,edge-iiotset-nightly,6,15,15,6,0.5643449537798467,0.03143060947133645,0.5232893004009919,0.6029788976519493,0.9892091317341131,0.020417126006054945
dsedge-iiotset-nightly_comp_krum_alpha1.0_adv0_dp0_pers0_mu0.0_seed44_datasetedge-iiotset-nightly,krum,1.0,44,0.0,edge-iiotset-nightly,6,20,20,6,0.7169901378860407,0.032374329844762934,0.6805122801869631,0.7704996674012364,0.9660313109920684,0.0039345578278281385
dsedge-iiotset-nightly_comp_fedavg_alpha0.5_adv0_dp1_pers3_mu0.0_seed47,fedavg,0.5,47,0.0,edge-iiotset-nightly,6,15,15,6,0.6138412166021142,0.07480392182698646,0.5225339594378747,0.7147513692305494,0.9719893686850012,0.029328208723823534
dsedge-iiotset-nightly_comp_fedprox_alpha0.2_adv0_dp0_sigma0.0_pers0_mu0.0_cf1.0_le1_idx30_seed47,unknown,0.2,47,0.0,edge-iiotset-nightly,6,15,15,6,0.6307163236927402,0.058959133431068476,0.5648773539277024,0.7047310473050745,0.9712725715134156,0.030675774826855545
dsedge-iiotset-nightly_comp_bulyan_alpha1.0_adv0_dp0_pers0_mu0.0_seed44_datasetedge-iiotset-nightly,bulyan,1.0,44,0.0,edge-iiotset-nightly,6,20,20,6,0.7179873586931013,0.03135622597516487,0.6865979241724188,0.7696451516941565,0.9676404634359038,0.0012794446541701606
dsedge-iiotset-nightly_comp_fedprox_alpha0.2_adv0_dp0_sigma0.0_pers0_mu0.1_cf1.0_le1_idx42_seed49,unknown,0.2,49,0.1,edge-iiotset-nightly,6,15,15,6,0.47255523273042377,0.06581548611386899,0.4255262459842827,0.6043451549532547,0.9566135441890584,0.024570832537447674
dsedge-iiotset-nightly_comp_fedprox_alpha0.05_adv0_dp0_pers0_mu0.01_seed45,unknown,0.05,45,0.01,edge-iiotset-nightly,6,15,15,6,0.43751241000168684,0.05884495924418811,0.36506427753519294,0.511798950506715,0.9877016910183706,0.022388041534072912
dsedge-iiotset-nightly_comp_fedprox_alpha0.1_adv0_dp0_pers0_mu0.1_seed42,unknown,0.1,42,0.1,edge-iiotset-nightly,6,15,15,6,0.38350907186522537,0.09081745066006852,0.25863397210321126,0.5079644641802573,0.9755187947437133,0.03373488921562086
dsedge-iiotset-nightly_comp_fedprox_alpha1.0_adv0_dp0_pers0_mu0.1_seed43_datasetedge-iiotset-nightly,unknown,1.0,43,0.1,edge-iiotset-nightly,6,20,20,6,0.7136724300186914,0.03334096231829743,0.6727486910065024,0.7500352426086118,0.9667580249989618,0.0007836307492523035
dsedge-iiotset-nightly_comp_fedprox_alpha0.1_adv0_dp0_sigma0.0_pers0_mu0.05_cf1.0_le1_idx23_seed50,unknown,0.1,50,0.05,edge-iiotset-nightly,6,15,15,6,0.5023479273573765,0.059080850609329244,0.4335930668451635,0.6011211011211013,0.9726431509072089,0.03718685681984078
dsedge-iiotset-nightly_comp_fedprox_alpha1.0_adv0_dp0_pers0_mu0.05_seed42,unknown,1.0,42,0.05,edge-iiotset-nightly,6,15,15,6,0.6166966929540565,0.039285294844979,0.5801150029675779,0.6832350758634169,0.9583404090013098,0.01989884019999285
dsedge-iiotset-nightly_comp_fedprox_alpha0.2_adv0_dp0_sigma0.0_pers0_mu0.1_cf1.0_le1_idx40_seed47,unknown,0.2,47,0.1,edge-iiotset-nightly,6,15,15,6,0.4996636913232374,0.06849543045194031,0.40574659456273504,0.5860572873846962,0.960507730952482,0.037825539282480905
dsedge-iiotset-nightly_comp_bulyan_alpha0.05_adv0_dp0_sigma0.0_pers0_mu0.0_cf1.0_le1_idx2_seed49,bulyan,0.05,49,0.0,edge-iiotset-nightly,6,15,15,6,0.54407728610465,0.027639638394954983,0.5110820877473032,0.590049040340561,0.9909688037127149,0.012740151475774996
dsedge-iiotset-nightly_comp_fedprox_alpha0.2_adv0_dp0_sigma0.0_pers0_mu0.0_cf1.0_le1_idx33_seed50,unknown,0.2,50,0.0,edge-iiotset-nightly,6,15,15,6,0.6242832241295051,0.045154600523250835,0.5582485727991381,0.6851306667106959,0.9737806421967106,0.029112375544895642
dsedge-iiotset-nightly_comp_fedprox_alpha0.2_adv0_dp0_sigma0.0_pers0_mu0.1_cf1.0_le1_idx44_seed51,unknown,0.2,51,0.1,edge-iiotset-nightly,6,15,15,6,0.4631128150815545,0.09521395594328638,0.28611408779948194,0.5408134837177361,0.9335474526979146,0.10303628911190567
dsedge-iiotset-nightly_comp_fedavg_alpha0.2_adv0_dp0_pers0_mu0.0_seed45,fedavg,0.2,45,0.0,edge-iiotset-nightly,6,15,15,6,0.6612835472444116,0.03785600248669671,0.6247482291967593,0.7342502273645476,0.9776886448418463,0.04500578722531719
dsedge-iiotset-nightly_comp_median_alpha1.0_adv0_dp0_pers0_mu0.0_seed43_datasetedge-iiotset-nightly,median,1.0,43,0.0,edge-iiotset-nightly,6,20,20,6,0.7084939888496647,0.03166831241964993,0.6756857785814395,0.7532243956043078,0.9670902371163989,0.0011591031457301262
dsedge-iiotset-nightly_comp_fedprox_alpha0.1_adv0_dp0_sigma0.0_pers0_mu0.0_cf1.0_le1_idx19_seed51,unknown,0.1,51,0.0,edge-iiotset-nightly,6,15,15,6,0.5104176867689556,0.06593773865401109,0.41765771371112037,0.6039061015432952,0.9833667353824944,0.022722381276558488
dsedge-iiotset-nightly_comp_fedprox_alpha0.5_adv0_dp0_pers0_mu0.1_seed46,unknown,0.5,46,0.1,edge-iiotset-nightly,6,15,15,6,0.542523839033447,0.03837903452177143,0.493733641625604,0.5974230737352233,0.9618343032851329,0.025331540503138097
dsedge-iiotset-nightly_comp_fedavg_alpha1.0_adv0_dp0_pers3_mu0.0_seed42,fedavg,1.0,42,0.0,edge-iiotset-nightly,12,15,1,11,0.5655384630360181,0.02228229194564108,0.5066726661977616,0.5836199180652781,0.95905863166359,0.005624672661230442
dsedge-iiotset-nightly_comp_fedprox_alpha0.2_adv0_dp0_sigma0.0_pers0_mu0.1_cf1.0_le1_idx41_seed48,unknown,0.2,48,0.1,edge-iiotset-nightly,6,15,15,6,0.5133322788344111,0.051170339067729186,0.44215156432842184,0.5817907658067891,0.977210152196617,0.030227293473118155
dsedge-iiotset-nightly_comp_fedprox_alpha0.5_adv0_dp0_pers0_mu0.01_seed43,unknown,0.5,43,0.01,edge-iiotset-nightly,6,15,15,6,0.6622369389922877,0.04013291611274179,0.6012455227692339,0.7106729384989408,0.943933752335007,0.05149592773145017
dsedge-iiotset-nightly_comp_fedprox_alpha1.0_adv0_dp0_pers0_mu0.01_seed43_datasetedge-iiotset-nightly,unknown,1.0,43,0.01,edge-iiotset-nightly,6,20,20,6,0.7106647455728854,0.02955156384575222,0.6665879214171874,0.7459883540535794,0.9667684066276317,0.0013707996216275602
dsedge-iiotset-nightly_comp_fedavg_alpha0.5_adv0_dp1_pers3_mu0.0_seed48,fedavg,0.5,48,0.0,edge-iiotset-nightly,6,15,15,6,0.6261723744544214,0.07148959902215639,0.5318859528739025,0.7150320100337498,0.9683268758766187,0.020080773196670874
dsedge-iiotset-nightly_comp_fedavg_alpha0.5_adv0_dp1_pers0_mu0.0_seed47,fedavg,0.5,47,0.0,edge-iiotset-nightly,6,15,15,6,0.597190433375703,0.09267767683672493,0.4767380705150303,0.7153637823285821,0.9679285865841942,0.02951803638313427
dsedge-iiotset-nightly_p0b1bacd1_comp_median_alpha1.0_adv0_dp0_pers0_mu0.0_seed48_datasetedge-iiotset-nightly,median,1.0,48,0.0,edge-iiotset-nightly,6,20,20,6,0.7072985301424114,0.02328279169647945,0.6658756628848095,0.7345838945759134,0.9662662600360988,0.0032294978314454034
dsedge-iiotset-full_comp_krum_alpha1.0_adv0_dp0_pers0_mu0.0_seed43,krum,1.0,43,0.0,edge-iiotset-full,6,15,14,6,0.6685902497847401,0.012747314387991789,0.6526297590903586,0.6855384966289848,0.9611475356362331,0.0038900988578297736
dsedge-iiotset-nightly_comp_fedavg_alpha0.5_adv0_dp0_pers5_mu0.0_seed49,fedavg,0.5,49,0.0,edge-iiotset-nightly,6,15,15,6,0.6754723272616395,0.043375930963066904,0.6010476333248165,0.7193698382874717,0.9452538467816196,0.027892995152738676
dsedge-iiotset-nightly_comp_fedprox_alpha0.1_adv0_dp0_pers0_mu0.01_seed45,unknown,0.1,45,0.01,edge-iiotset-nightly,6,15,15,6,0.6302536915769044,0.06182400370627176,0.5474779791536343,0.7345019448808219,0.9799099638304418,0.04375068580868688
dsedge-iiotset-nightly_comp_fedavg_alpha1.0_adv0_dp0_pers3_mu0.0_seed43,fedavg,1.0,43,0.0,edge-iiotset-nightly,12,15,15,12,0.6918981171736363,0.022080680811298093,0.6498872837368388,0.722196070897417,0.9648997134670487,0.003085187833044451
dsedge-iiotset-nightly_comp_fedprox_alpha1.0_adv0_dp0_pers0_mu0.1_seed44_datasetedge-iiotset-nightly,unknown,1.0,44,0.1,edge-iiotset-nightly,6,20,20,6,0.7185492835819078,0.04277192335594513,0.6878661411817972,0.7977875806961748,0.9674120676051658,0.00286679610683091
dsedge-iiotset-nightly_comp_fedavg_alpha0.5_adv0_dp1_pers0_mu0.0_seed44,fedavg,0.5,44,0.0,edge-iiotset-nightly,6,15,15,6,0.5859824242764676,0.07765618980651023,0.453176013221119,0.6714265081264108,0.9710649839737928,0.021904154128243966
dsedge-iiotset-nightly_comp_fedprox_alpha0.05_adv0_dp0_sigma0.0_pers0_mu0.0_cf1.0_le1_idx0_seed47,unknown,0.05,47,0.0,edge-iiotset-nightly,6,15,15,6,0.6113625056502158,0.018956775999917335,0.5934179898944313,0.6472967087787862,0.9795123066611146,0.02788723622636209
dsedge-iiotset-nightly_comp_fedavg_alphainf_adv0_dp0_pers0_mu0.0_seed44,fedavg,,44,0.0,edge-iiotset-nightly,6,15,15,6,0.7149801975083776,0.0423041138731395,0.6564932422476083,0.7752147253728353,0.9655745193305926,0.0017857367019023678
dsedge-iiotset-nightly_comp_bulyan_alpha0.05_adv0_dp0_sigma0.0_pers0_mu0.0_cf1.0_le1_idx51_seed43,bulyan,0.05,43,0.0,edge-iiotset-nightly,6,15,15,6,0.6196510775043463,0.041927370748791624,0.573726224080835,0.6751789077212805,0.9794092339659485,0.025901668667054747
dsedge-iiotset-nightly_comp_fedprox_alpha0.2_adv0_dp0_sigma0.0_pers0_mu0.05_cf1.0_le1_idx36_seed48,unknown,0.2,48,0.05,edge-iiotset-nightly,6,15,15,6,0.5520940195739668,0.029681823561334423,0.49590628131939524,0.5829301632634858,0.9772705196238877,0.030390312376090137
dsedge-iiotset-nightly_comp_fedprox_alpha0.05_adv0_dp0_sigma0.0_pers0_mu0.1_cf1.0_le1_idx11_seed48,unknown,0.05,48,0.1,edge-iiotset-nightly,6,15,15,6,0.4613134791376919,0.08467416267738748,0.33303602436924423,0.5734101446192076,0.9627343858522098,0.037824797039886685
dsedge-iiotset-nightly_p0b1bacd1_comp_fedavg_alpha1.0_adv0_dp0_pers0_mu0.0_seed49_datasetedge-iiotset-nightly,fedavg,1.0,49,0.0,edge-iiotset-nightly,6,20,20,6,0.6973075734901191,0.03328693616193923,0.6588845830929109,0.7391437799527913,0.9656749859961412,0.001303614022957503
dsedge-iiotset-nightly_comp_fedprox_alpha0.05_adv0_dp0_sigma0.0_pers0_mu0.1_cf1.0_le1_idx10_seed47,unknown,0.05,47,0.1,edge-iiotset-nightly,6,15,15,6,0.33853829591703627,0.04484041992309712,0.2912429319392979,0.39431103513988874,0.9668043916287334,0.045917358223046545
dsedge-iiotset-nightly_comp_bulyan_alpha1.0_adv0_dp0_pers0_mu0.0_seed42,bulyan,1.0,42,0.0,edge-iiotset-nightly,6,15,15,6,0.6732382976888677,0.028525803600455646,0.6455314250256865,0.7079198449534009,0.9612246169179021,0.005193749429730537
dsedge-iiotset-nightly_comp_fedavg_alphainf_adv0_dp0_pers0_mu0.0_seed42,fedavg,,42,0.0,edge-iiotset-nightly,6,15,15,6,0.6743542404669736,0.02089087994270687,0.6507666793822655,0.7002106278460659,0.9633217059092231,0.0029785759284804594
dsedge-iiotset-nightly_comp_fedprox_alpha1.0_adv0_dp0_pers0_mu0.05_seed43,unknown,1.0,43,0.05,edge-iiotset-nightly,6,15,15,6,0.5939758324066421,0.018714100242249766,0.5703059042029198,0.6267508487338315,0.9537141639364449,0.025441570521298123
dsedge-iiotset-nightly_comp_fedprox_alpha0.2_adv0_dp0_sigma0.0_pers0_mu0.0_cf1.0_le1_idx32_seed49,unknown,0.2,49,0.0,edge-iiotset-nightly,6,15,15,6,0.63662848036217,0.024869126387977197,0.5993224412743097,0.6746453635243633,0.9655363745163046,0.02079307302427727
dsedge-iiotset-nightly_comp_fedprox_alpha1.0_adv0_dp0_pers0_mu0.05_seed44,unknown,1.0,44,0.05,edge-iiotset-nightly,6,15,15,6,0.586117272953559,0.03356370747605482,0.5519942043340083,0.6307682844052499,0.967350885000342,0.021930960933749372
dsedge-iiotset-nightly_comp_fedavg_alpha0.5_adv0_dp1_pers3_mu0.0_seed51,fedavg,0.5,51,0.0,edge-iiotset-nightly,6,15,15,6,0.6207738091013362,0.03320870037150119,0.5804881839089916,0.6661601637076925,0.9604541320368353,0.0230898800404568
dsedge-iiotset-nightly_comp_bulyan_alpha0.2_adv0_dp0_sigma0.0_pers0_mu0.0_cf1.0_le1_idx62_seed44,bulyan,0.2,44,0.0,edge-iiotset-nightly,6,15,15,6,0.642984732955985,0.06390996906649313,0.5442288916480646,0.7166404725219168,0.9749474493966737,0.03208498653462765
dsedge-iiotset-nightly_comp_bulyan_alpha0.2_adv0_dp0_sigma0.0_pers0_mu0.0_cf1.0_le1_idx63_seed45,bulyan,0.2,45,0.0,edge-iiotset-nightly,6,15,15,6,0.6494119374025088,0.03170139498727039,0.5883721731908725,0.6825271514841095,0.9693064823666129,0.0656081741373526
dsedge-iiotset-nightly_comp_fedavg_alpha0.5_adv0_dp1_pers0_mu0.0_seed48,fedavg,0.5,48,0.0,edge-iiotset-nightly,6,15,15,6,0.6127109568506702,0.08088445965760571,0.5064691227848535,0.7065309397095197,0.9620505118263805,0.02515913223470184
dsedge-iiotset-nightly_comp_fedprox_alpha0.1_adv0_dp0_pers0_mu0.01_seed46,unknown,0.1,46,0.01,edge-iiotset-nightly,6,15,15,6,0.5414919755891084,0.05401721212905496,0.4778097178161103,0.6314244807364098,0.9830063042741495,0.020288503314579313
dsedge-iiotset-nightly_comp_fedprox_alpha0.2_adv0_dp0_pers0_mu0.1_seed42,unknown,0.2,42,0.1,edge-iiotset-nightly,6,15,15,6,0.5289563141014905,0.08232405851728855,0.4277317282050218,0.6547729418517672,0.9687376565512908,0.04312897397268966
dsedge-iiotset-nightly_comp_fedavg_alpha0.2_adv0_dp0_pers0_mu0.0_seed42,fedavg,0.2,42,0.0,edge-iiotset-nightly,6,15,15,6,0.6082474852173593,0.03735868881856529,0.5692494156051751,0.672531415681333,0.9711057869655162,0.04018208193912534
dsedge-iiotset-nightly_comp_bulyan_alpha1.0_adv0_dp0_pers0_mu0.0_seed43,bulyan,1.0,43,0.0,edge-iiotset-nightly,6,15,15,6,0.6789139867660706,0.036990074001260184,0.616883461255305,0.7235661888766731,0.9635708649973008,0.002274529313543208
dsedge-iiotset-nightly_p0b1bacd1_comp_fedavg_alpha1.0_adv0_dp0_pers0_mu0.0_seed47_datasetedge-iiotset-nightly,fedavg,1.0,47,0.0,edge-iiotset-nightly,6,20,20,6,0.7142699242694494,0.033917657454304695,0.6620600158372841,0.7450335144728034,0.965498641107031,0.002130248038487158
dsedge-iiotset-nightly_p0b1bacd1_comp_bulyan_alpha1.0_adv0_dp0_pers0_mu0.0_seed43_datasetedge-iiotset-nightly,bulyan,1.0,43,0.0,edge-iiotset-nightly,6,20,20,6,0.6974549389651701,0.02117743624025174,0.6615748372347791,0.7206270003418916,0.9642953465695733,0.003327022920110234
dsedge-iiotset-nightly_comp_fedprox_alpha0.05_adv0_dp0_pers0_mu0.05_seed44,unknown,0.05,44,0.05,edge-iiotset-nightly,6,15,15,6,0.3711651701411973,0.06135492410957068,0.29572510678482977,0.46256536774464135,0.9793231500110838,0.02267205550286625
dsedge-iiotset-nightly_p0b1bacd1_comp_bulyan_alpha1.0_adv0_dp0_pers0_mu0.0_seed46_datasetedge-iiotset-nightly,bulyan,1.0,46,0.0,edge-iiotset-nightly,6,20,20,6,0.7115242271962144,0.03201557357703715,0.6737360892145682,0.7671809569179915,0.9671894773967344,0.0020942107685071425
dsedge-iiotset-nightly_comp_fedprox_alpha0.2_adv0_dp0_pers0_mu0.01_seed44,unknown,0.2,44,0.01,edge-iiotset-nightly,6,15,15,6,0.6133375504463732,0.057091337407479084,0.5086881110393765,0.6601910833505158,0.9755818169813568,0.03075789342365206
dsedge-iiotset-nightly_comp_fedavg_alpha0.05_adv0_dp0_pers0_mu0.0_seed43,fedavg,0.05,43,0.0,edge-iiotset-nightly,6,15,15,6,0.47991822460585815,0.08241140712380692,0.3652600217326586,0.5849994461522079,0.9732047349724976,0.03379703121739817
dsedge-iiotset-nightly_comp_fedprox_alpha0.2_adv0_dp0_pers0_mu0.1_seed43,unknown,0.2,43,0.1,edge-iiotset-nightly,6,15,15,6,0.46436955883172903,0.05410298552357597,0.38125554400280487,0.5275770319773768,0.9841190612064367,0.00980867577642298
dsedge-iiotset-nightly_comp_fedavg_alpha0.05_adv0_dp0_pers0_mu0.0_seed45,fedavg,0.05,45,0.0,edge-iiotset-nightly,6,15,15,6,0.4357122109326455,0.05206556950070545,0.3743925626003024,0.5085021467781288,0.987670410507552,0.022784321772978556
dsedge-iiotset-nightly_comp_fedprox_alpha0.1_adv0_dp0_sigma0.0_pers0_mu0.05_cf1.0_le1_idx21_seed48,unknown,0.1,48,0.05,edge-iiotset-nightly,6,15,15,6,0.48745761024721007,0.05273613788429004,0.4168936250008812,0.5542081652295276,0.9499954613345322,0.061560058741672474
dsedge-iiotset-nightly_comp_fedavg_alpha0.05_adv0_dp0_pers0_mu0.0_seed44,fedavg,0.05,44,0.0,edge-iiotset-nightly,6,15,15,6,0.5010310875131263,0.08917220219821671,0.3976815815113825,0.6259086689731872,0.9829038174241845,0.021430919913769535
dsedge-iiotset-nightly_comp_bulyan_alpha0.1_adv0_dp0_sigma0.0_pers0_mu0.0_cf1.0_le1_idx5_seed47,bulyan,0.1,47,0.0,edge-iiotset-nightly,6,15,15,6,0.5550388307276624,0.05229472592701247,0.4916458051896427,0.6168675812564924,0.959849867029152,0.05311336486051699
dsedge-iiotset-nightly_comp_fedprox_alpha0.2_adv0_dp0_sigma0.0_pers0_mu0.05_cf1.0_le1_idx37_seed49,unknown,0.2,49,0.05,edge-iiotset-nightly,6,15,15,6,0.5844349700622193,0.036347362409689665,0.5431650083314274,0.6255586094455772,0.9626608872478479,0.023286127882840756
dsedge-iiotset-nightly_comp_fedprox_alpha0.1_adv0_dp0_sigma0.0_pers0_mu0.0_cf1.0_le1_idx16_seed48,unknown,0.1,48,0.0,edge-iiotset-nightly,6,15,15,6,0.5992805762936325,0.03394454638527764,0.5631620676227136,0.659499369570636,0.9653914854301366,0.034809699787714664
dsedge-iiotset-nightly_comp_krum_alpha1.0_adv0_dp0_pers0_mu0.0_seed46,krum,1.0,46,0.0,edge-iiotset-nightly,6,15,15,6,0.6752663261428015,0.03227336494419404,0.6374688109175958,0.7177711522758928,0.9643598687762136,0.0012804551144873124
dsedge-iiotset-nightly_comp_fedprox_alpha0.2_adv0_dp0_pers0_mu0.1_seed44,unknown,0.2,44,0.1,edge-iiotset-nightly,6,15,15,6,0.4704542928367166,0.04166534235560846,0.4276753594076867,0.5446903355313253,0.9645974617475601,0.03977947353660181
dsedge-iiotset-full_comp_median_alpha1.0_adv0_dp0_pers0_mu0.0_seed42,median,1.0,42,0.0,edge-iiotset-full,6,15,15,6,0.6757009162217774,0.030946874390750473,0.647610361412222,0.7306087620054739,0.9607137032325407,0.0048538880208178
dsedge-iiotset-nightly_comp_fedavg_alpha0.5_adv0_dp1_pers3_mu0.0_seed50,fedavg,0.5,50,0.0,edge-iiotset-nightly,6,15,15,6,0.6753560868507803,0.06511958458367355,0.6064495318658565,0.7541914878902763,0.9703156516391436,0.023817609181356825
dsedge-iiotset-nightly_p0b1bacd1_comp_bulyan_alpha1.0_adv0_dp0_pers0_mu0.0_seed47_datasetedge-iiotset-nightly,bulyan,1.0,47,0.0,edge-iiotset-nightly,6,20,20,6,0.6913867875687462,0.030035645806795346,0.6553364589335751,0.7288837113873875,0.9628223480840646,0.006928298055928329
dsedge-iiotset-nightly_comp_fedavg_alpha0.5_adv0_dp1_pers0_mu0.0_seed42,fedavg,0.5,42,0.0,edge-iiotset-nightly,6,15,15,6,0.5958592309547799,0.0783022904630099,0.5008493737218453,0.6871375250865506,0.9577677628270574,0.035463757456107026
dsedge-iiotset-nightly_comp_fedprox_alphainf_adv0_dp0_pers0_mu0.01_seed43,unknown,,43,0.01,edge-iiotset-nightly,6,15,15,6,0.6765033433966887,0.027605377395496837,0.6547641088312868,0.7137126467719676,0.9627091898176986,0.0018623148763820903
dsedge-iiotset-nightly_comp_fedprox_alpha0.05_adv0_dp0_sigma0.0_pers0_mu0.05_cf1.0_le1_idx9_seed51,unknown,0.05,51,0.05,edge-iiotset-nightly,6,15,15,6,0.38153157351830236,0.07188877815590068,0.28862813638868307,0.4905354954373396,0.9759639898061142,0.046088316431005846
dsedge-iiotset-nightly_comp_median_alpha1.0_adv0_dp0_pers0_mu0.0_seed46,median,1.0,46,0.0,edge-iiotset-nightly,6,15,15,6,0.6831750735506474,0.025906373912754275,0.6568396704661478,0.727303557034923,0.9643806320335534,0.004127968460349894
dsedge-iiotset-nightly_comp_fedprox_alpha0.1_adv0_dp0_pers0_mu0.05_seed46,unknown,0.1,46,0.05,edge-iiotset-nightly,6,15,15,6,0.4744340915412552,0.0771933066140144,0.37916534987264483,0.5883110332114331,0.9820245959041662,0.020472307980225275
dsedge-iiotset-nightly_comp_fedprox_alpha0.2_adv0_dp0_pers0_mu0.01_seed43,unknown,0.2,43,0.01,edge-iiotset-nightly,6,15,15,6,0.6356120830546246,0.027827140302905,0.5992107951395276,0.6765299788552315,0.9856109589204651,0.012016897256599721
dsedge-iiotset-nightly_comp_fedprox_alpha0.5_adv0_dp0_pers0_mu0.01_seed46,unknown,0.5,46,0.01,edge-iiotset-nightly,6,15,15,6,0.6678860100011295,0.024183288391289852,0.6375037242459989,0.7070611586770175,0.9703911579818371,0.022542925044889504
dsedge-iiotset-nightly_comp_fedprox_alpha1.0_adv0_dp0_pers0_mu0.01_seed42,unknown,1.0,42,0.01,edge-iiotset-nightly,6,15,15,6,0.6956804147983501,0.01691407486369995,0.669252698094123,0.7203488764894477,0.9614683301875445,0.018355237925288405
dsedge-iiotset-nightly_comp_fedavg_alpha0.5_adv0_dp0_pers3_mu0.0_seed48,fedavg,0.5,48,0.0,edge-iiotset-nightly,6,15,15,6,0.667719625616033,0.035715712503443915,0.630445225106692,0.7195248803604923,0.9696283788389277,0.019592390634881437
dsedge-iiotset-nightly_comp_fedprox_alpha0.2_adv0_dp0_pers0_mu0.01_seed42,unknown,0.2,42,0.01,edge-iiotset-nightly,6,15,15,6,0.6065552089558907,0.04125098139827948,0.5689536341729242,0.6775615772521933,0.9711205938416574,0.03946218986661314
dsedge-iiotset-nightly_p0b1bacd1_comp_krum_alpha1.0_adv0_dp0_pers0_mu0.0_seed46_datasetedge-iiotset-nightly,krum,1.0,46,0.0,edge-iiotset-nightly,6,20,20,6,0.6912800966869814,0.014401579563333837,0.6663592920128616,0.7089945679714728,0.9659239434866497,0.0014256756707901625
dsedge-iiotset-nightly_p0b1bacd1_comp_median_alpha1.0_adv0_dp0_pers0_mu0.0_seed47_datasetedge-iiotset-nightly,median,1.0,47,0.0,edge-iiotset-nightly,6,20,20,6,0.7114644888274837,0.03518481070171283,0.6565343555011666,0.7538280605866974,0.9660276757743615,0.0032819492596630503
dsedge-iiotset-nightly_comp_fedprox_alphainf_adv0_dp0_pers0_mu0.1_seed46,unknown,,46,0.1,edge-iiotset-nightly,6,15,15,6,0.5837257386004978,0.01827673067823902,0.5572927166670872,0.6143238843675508,0.9619201860387857,0.003396858747595895
dsedge-iiotset-nightly_p0b1bacd1_comp_fedavg_alpha1.0_adv0_dp0_pers0_mu0.0_seed42_datasetedge-iiotset-nightly,fedavg,1.0,42,0.0,edge-iiotset-nightly,6,20,20,6,0.7021614182760086,0.023018121489964263,0.6694066744002093,0.7289549855784344,0.9644405717723699,0.004669474106068537
dsedge-iiotset-nightly_p0b1bacd1_comp_krum_alpha1.0_adv0_dp0_pers0_mu0.0_seed42_datasetedge-iiotset-nightly,krum,1.0,42,0.0,edge-iiotset-nightly,6,20,20,6,0.6948408290118536,0.02950147428205081,0.6562526467014694,0.7339340812194398,0.9634654882678783,0.0031937956829786764
dsedge-iiotset-nightly_comp_fedprox_alphainf_adv0_dp0_pers0_mu0.1_seed42,unknown,,42,0.1,edge-iiotset-nightly,6,15,15,6,0.5761680121889541,0.026334021193374916,0.545968807929779,0.6210156945597604,0.9594493584153482,0.005643742098106149
dsedge-iiotset-nightly_comp_fedavg_alpha1.0_adv0_dp0_pers3_mu0.0_seed46,fedavg,1.0,46,0.0,edge-iiotset-nightly,12,15,15,12,0.6705897706050937,0.037108830797339724,0.6069139806909747,0.706961945601327,0.9654914663012334,0.0014381936920519803
dsedge-iiotset-nightly_comp_fedprox_alpha0.5_adv0_dp0_pers0_mu0.01_seed45,unknown,0.5,45,0.01,edge-iiotset-nightly,6,15,15,6,0.655676669129323,0.024049546596354127,0.6387373593627224,0.7035123392777015,0.9688072957630808,0.045465889013884896
dsedge-iiotset-nightly_comp_fedprox_alpha0.2_adv0_dp0_sigma0.0_pers0_mu0.0_cf1.0_le1_idx34_seed51,unknown,0.2,51,0.0,edge-iiotset-nightly,6,15,15,6,0.6181872764159673,0.08074832082511967,0.4622768277860023,0.6764684110033774,0.9539122290424603,0.06459294284087687
dsedge-iiotset-nightly_comp_bulyan_alpha0.05_adv0_dp0_sigma0.0_pers0_mu0.0_cf1.0_le1_idx52_seed44,bulyan,0.05,44,0.0,edge-iiotset-nightly,6,15,15,6,0.5813605083326783,0.09226413744478199,0.4531441020400946,0.6931762289548844,0.9836893066429847,0.021978953592746476
dsedge-iiotset-nightly_comp_fedavg_alpha0.5_adv0_dp0_pers0_mu0.0_seed43,fedavg,0.5,43,0.0,edge-iiotset-nightly,6,15,15,6,0.6646971876883239,0.035522298580185546,0.6194430627109158,0.7138879015040637,0.947433155899546,0.04788445192341235
dsedge-iiotset-nightly_comp_fedprox_alpha0.05_adv0_dp0_sigma0.0_pers0_mu0.05_cf1.0_le1_idx7_seed49,unknown,0.05,49,0.05,edge-iiotset-nightly,6,15,15,6,0.4214918052071952,0.04709839926344894,0.3691714485801331,0.4976125862723667,0.9879605829539673,0.012609022499460573
dsedge-iiotset-nightly_comp_fedavg_alpha1.0_adv0_dp0_pers1_mu0.0_seed43,fedavg,1.0,43,0.0,edge-iiotset-nightly,12,15,15,12,0.6899645929735987,0.029734689578554036,0.6472801290043789,0.7393124719184841,0.9655433744445828,0.00319585585662364
dsedge-iiotset-nightly_comp_fedavg_alpha1.0_adv0_dp0_pers1_mu0.0_seed45,fedavg,1.0,45,0.0,edge-iiotset-nightly,12,15,15,12,0.6833803573392185,0.02445472407718271,0.6500071401765264,0.7287136902973684,0.9657717702753208,0.002276851708289176
dsedge-iiotset-nightly_comp_fedprox_alpha0.05_adv0_dp0_pers0_mu0.05_seed46,unknown,0.05,46,0.05,edge-iiotset-nightly,6,15,15,6,0.37847143206922623,0.09410195919326085,0.272130907003482,0.5059203669861455,0.9467409068539405,0.06798479799744336
dsedge-iiotset-nightly_comp_bulyan_alpha0.2_adv0_dp0_sigma0.0_pers0_mu0.0_cf1.0_le1_idx12_seed49,bulyan,0.2,49,0.0,edge-iiotset-nightly,6,15,15,6,0.6457462485168332,0.014841745544113265,0.6230863125852413,0.6692100331677414,0.969086494929458,0.021088350396351263
dsedge-iiotset-nightly_comp_fedavg_alpha1.0_adv0_dp0_pers1_mu0.0_seed42,fedavg,1.0,42,0.0,edge-iiotset-nightly,12,15,15,12,0.6950495106712309,0.03995179275072653,0.6208211998511542,0.7643484174819724,0.9649308583530584,0.00554305796339964
dsedge-iiotset-nightly_comp_fedprox_alpha0.2_adv0_dp0_sigma0.0_pers0_mu0.05_cf1.0_le1_idx39_seed51,unknown,0.2,51,0.05,edge-iiotset-nightly,6,15,15,6,0.5450701637417853,0.06578693210024852,0.4210507674860756,0.605885454312759,0.9440523011482137,0.08706217008730498
dsedge-iiotset-nightly_comp_fedprox_alpha0.05_adv0_dp0_sigma0.0_pers0_mu0.05_cf1.0_le1_idx6_seed48,unknown,0.05,48,0.05,edge-iiotset-nightly,6,15,15,6,0.5169138075360528,0.07004271470957603,0.3863551860961016,0.5934580976064171,0.9637709747944613,0.036719804836155716
dsedge-iiotset-nightly_comp_fedavg_alpha0.5_adv0_dp1_pers5_mu0.0_seed50,fedavg,0.5,50,0.0,edge-iiotset-nightly,6,15,15,6,0.668919571389321,0.06498081831067008,0.5853147510964958,0.7284881559320394,0.9693343236049553,0.024968156762569
dsedge-iiotset-nightly_comp_fedprox_alpha0.5_adv0_dp0_pers0_mu0.05_seed46,unknown,0.5,46,0.05,edge-iiotset-nightly,6,15,15,6,0.6100708299116319,0.02947231979013879,0.5820141908377537,0.6657216902524524,0.9649168602586736,0.023162638075854315
dsedge-iiotset-nightly_comp_fedavg_alphainf_adv0_dp0_pers0_mu0.0_seed46,fedavg,,46,0.0,edge-iiotset-nightly,6,15,15,6,0.6949395050559941,0.032927468967145906,0.6611627807184575,0.7459770368595575,0.9654084132718741,0.0011691023037488791
dsedge-iiotset-nightly_comp_fedprox_alpha0.2_adv0_dp0_pers0_mu0.1_seed45,unknown,0.2,45,0.1,edge-iiotset-nightly,6,15,15,6,0.4799521791310162,0.037297464882334555,0.4298139344492275,0.5217823347565759,0.9630827815316034,0.07011057818435641
dsedge-iiotset-nightly_comp_fedprox_alpha0.2_adv0_dp0_pers0_mu0.05_seed46,unknown,0.2,46,0.05,edge-iiotset-nightly,6,15,15,6,0.513356233852165,0.05252182774434468,0.4195992517469217,0.5581157119403408,0.9569960533795567,0.037557453909120964
dsedge-iiotset-nightly_comp_fedprox_alpha0.1_adv0_dp0_pers0_mu0.1_seed46,unknown,0.1,46,0.1,edge-iiotset-nightly,6,15,15,6,0.4322640058612317,0.07583897050380699,0.3312333264643005,0.5302654759977158,0.9787405660196509,0.021436741678245972
dsedge-iiotset-nightly_comp_fedprox_alphainf_adv0_dp0_pers0_mu0.01_seed44,unknown,,44,0.01,edge-iiotset-nightly,6,15,15,6,0.7087459918892086,0.044095302454653304,0.6534726996129377,0.7664295128917157,0.96475437066567,0.0023648520658968667
dsedge-iiotset-nightly_comp_fedprox_alpha0.1_adv0_dp0_pers0_mu0.1_seed43,unknown,0.1,43,0.1,edge-iiotset-nightly,6,15,15,6,0.41822619226103125,0.05289466915070499,0.3408789503711936,0.46076021850073345,0.9480969565571224,0.0608871430566917
dsedge-iiotset-nightly_comp_fedprox_alpha1.0_adv0_dp0_pers0_mu0.01_seed46_datasetedge-iiotset-nightly,unknown,1.0,46,0.01,edge-iiotset-nightly,6,20,20,6,0.7206841062936338,0.025187503587799448,0.6877974104867943,0.748126547023836,0.9684709937294963,0.0014299087170558103
dsedge-iiotset-nightly_comp_fedavg_alpha0.1_adv0_dp0_pers0_mu0.0_seed42,fedavg,0.1,42,0.0,edge-iiotset-nightly,6,15,15,6,0.5710020769498247,0.08017919718533585,0.44143790849673203,0.6509237297359188,0.9780545674406312,0.03184358854743397
dsedge-iiotset-nightly_comp_fedprox_alpha1.0_adv0_dp0_pers0_mu0.01_seed46,unknown,1.0,46,0.01,edge-iiotset-nightly,6,15,15,6,0.6690661354651107,0.020549215200826122,0.6355090194296292,0.6957280186251237,0.9746733211242047,0.01654429193735076
dsedge-iiotset-nightly_comp_fedprox_alpha0.5_adv0_dp0_sigma0.0_pers0_mu0.05_cf1.0_le1_idx46_seed48,unknown,0.5,48,0.05,edge-iiotset-nightly,6,15,15,6,0.6233042854247441,0.06454597146197977,0.5467588228006671,0.6991772281225183,0.9642611530275601,0.026341491494337562
dsedge-iiotset-nightly_comp_fedprox_alpha0.05_adv0_dp0_pers0_mu0.01_seed42,unknown,0.05,42,0.01,edge-iiotset-nightly,6,15,15,6,0.49356196115674245,0.05259812889007615,0.4303692700714489,0.5785945130100258,0.977603286237574,0.03645270780936674
dsedge-iiotset-nightly_comp_fedprox_alpha0.1_adv0_dp0_sigma0.0_pers0_mu0.1_cf1.0_le1_idx25_seed47,unknown,0.1,47,0.1,edge-iiotset-nightly,6,15,15,6,0.40092654439059633,0.05614350970131334,0.3168751619189223,0.46474192505560113,0.9512865501846517,0.06199048555634391
dsedge-iiotset-nightly_comp_fedprox_alpha1.0_adv0_dp0_pers0_mu0.1_seed42_datasetedge-iiotset-nightly,unknown,1.0,42,0.1,edge-iiotset-nightly,6,20,20,6,0.7009155906341701,0.03402281099933735,0.6477761752051152,0.7397884080043721,0.9656679539886217,0.0028182020510294403
dsedge-iiotset-nightly_comp_bulyan_alpha0.05_adv0_dp0_sigma0.0_pers0_mu0.0_cf1.0_le1_idx3_seed50,bulyan,0.05,50,0.0,edge-iiotset-nightly,6,15,15,6,0.5890445562292389,0.0660628101061621,0.5135599313134752,0.7105314009661837,0.9895115025628602,0.01981671380857267
dsedge-iiotset-nightly_comp_fedavg_alpha0.5_adv0_dp1_pers0_mu0.0_seed50,fedavg,0.5,50,0.0,edge-iiotset-nightly,6,15,15,6,0.6066564236886004,0.06536748744030918,0.5245427404072155,0.6792820486418738,0.9608032629506187,0.02686542945356128
dsedge-iiotset-nightly_comp_bulyan_alpha0.1_adv0_dp0_sigma0.0_pers0_mu0.0_cf1.0_le1_idx6_seed48,bulyan,0.1,48,0.0,edge-iiotset-nightly,6,15,15,6,0.6567537879660956,0.06111588575159009,0.5640342153002842,0.7294466068855546,0.9611160133528381,0.046298861685947525
dsedge-iiotset-nightly_comp_fedprox_alpha0.1_adv0_dp0_pers0_mu0.05_seed44,unknown,0.1,44,0.05,edge-iiotset-nightly,6,15,15,6,0.46751897370287426,0.11184791513716948,0.3199794636455405,0.6480059431681359,0.9791817022456912,0.019226885698613583
dsedge-iiotset-nightly_comp_fedavg_alpha0.5_adv0_dp0_pers0_mu0.0_seed46,fedavg,0.5,46,0.0,edge-iiotset-nightly,6,15,15,6,0.6574691841737637,0.048809436423759546,0.5769276991783308,0.7077678997255238,0.9704364013797159,0.021407191444400127
dsedge-iiotset-nightly_comp_fedprox_alpha0.05_adv0_dp0_pers0_mu0.1_seed42,unknown,0.05,42,0.1,edge-iiotset-nightly,6,15,15,6,0.29787553497774716,0.05108797647948379,0.2542487051103331,0.3868818251938457,0.9694917067575137,0.041056506268842274
dsedge-iiotset-nightly_comp_fedprox_alphainf_adv0_dp0_pers0_mu0.05_seed44,unknown,,44,0.05,edge-iiotset-nightly,6,15,15,6,0.6163271597497364,0.047233630770348124,0.5567863240210518,0.6807982880404194,0.9609339313151447,0.005991410510310297
dsedge-iiotset-nightly_p0b1bacd1_comp_bulyan_alpha1.0_adv0_dp0_pers0_mu0.0_seed50_datasetedge-iiotset-nightly,bulyan,1.0,50,0.0,edge-iiotset-nightly,6,20,20,6,0.7126347321686491,0.012979686785839023,0.6937108319550747,0.7307274210824899,0.9661729009771581,0.0031315126627483292
dsedge-iiotset-nightly_comp_fedprox_alpha0.05_adv0_dp0_pers0_mu0.1_seed45,unknown,0.05,45,0.1,edge-iiotset-nightly,6,15,15,6,0.28053814533445576,0.035781332138129895,0.2453879331510975,0.3274458493057367,0.9853111283894772,0.022737869814557308
dsedge-iiotset-nightly_comp_bulyan_alpha1.0_adv0_dp0_pers0_mu0.0_seed45,bulyan,1.0,45,0.0,edge-iiotset-nightly,6,15,15,6,0.6763719105485493,0.009352598345104374,0.6675116095711231,0.6929016860693122,0.9643287238902039,0.0034465256021512574
dsedge-iiotset-full_comp_fedavg_alpha1.0_adv0_dp0_pers0_mu0.0_seed46,fedavg,1.0,46,0.0,edge-iiotset-full,6,15,15,6,0.6994166854956758,0.014328611292405605,0.680364869158679,0.7244745287136123,0.9637603157517043,0.0028047283410947816
dsedge-iiotset-nightly_comp_median_alpha1.0_adv0_dp0_pers0_mu0.0_seed46_datasetedge-iiotset-nightly,median,1.0,46,0.0,edge-iiotset-nightly,6,20,20,6,0.7011755611693299,0.024047047470999963,0.6691457234944,0.7319567929928902,0.9668306963996511,0.0009452870544459542
dsedge-iiotset-nightly_comp_fedprox_alpha0.5_adv0_dp0_pers0_mu0.01_seed42,unknown,0.5,42,0.01,edge-iiotset-nightly,6,15,15,6,0.6515039355157479,0.04262481531186146,0.5940469457197636,0.7197519993151327,0.9662740628916603,0.03340121759323383
dsedge-iiotset-nightly_comp_krum_alpha1.0_adv0_dp0_pers0_mu0.0_seed45,krum,1.0,45,0.0,edge-iiotset-nightly,6,15,15,6,0.6723858938391754,0.00804743327959063,0.6622484857777099,0.684340647202906,0.9638407873427183,0.0025536527532184724
dsedge-iiotset-nightly_comp_fedavg_alpha0.5_adv0_dp1_pers5_mu0.0_seed47,fedavg,0.5,47,0.0,edge-iiotset-nightly,6,15,15,6,0.6052720135724621,0.0746406119994266,0.49183969815334144,0.6937485785021581,0.9706377857751046,0.0325077546221778
dsedge-iiotset-nightly_comp_fedavg_alpha0.1_adv0_dp0_pers0_mu0.0_seed44,fedavg,0.1,44,0.0,edge-iiotset-nightly,6,15,15,6,0.5643653325655882,0.08836376666647952,0.3959077107980763,0.6571468358680234,0.9829151426030877,0.016426720438548724
dsedge-iiotset-nightly_comp_fedprox_alpha1.0_adv0_dp0_pers0_mu0.1_seed45_datasetedge-iiotset-nightly,unknown,1.0,45,0.1,edge-iiotset-nightly,6,20,20,6,0.6918542038179955,0.03280868324369579,0.6485571215254551,0.7331096681222085,0.9662077986794568,0.003655884308304021
dsedge-iiotset-nightly_comp_fedprox_alpha0.1_adv0_dp0_sigma0.0_pers0_mu0.0_cf1.0_le1_idx17_seed49,unknown,0.1,49,0.0,edge-iiotset-nightly,6,15,15,6,0.5641883524689439,0.011719465015245982,0.5521063645908683,0.5830388401150144,0.9721624415594579,0.04221285522542107
dsedge-iiotset-nightly_comp_krum_alpha1.0_adv0_dp0_pers0_mu0.0_seed45_datasetedge-iiotset-nightly,krum,1.0,45,0.0,edge-iiotset-nightly,6,20,20,6,0.6995719648330122,0.023414042813964198,0.665544814587652,0.7211269917176488,0.9664881026535443,0.0029399188712248545
dsedge-iiotset-nightly_comp_fedavg_alpha1.0_adv0_dp0_pers0_mu0.0_seed44,fedavg,1.0,44,0.0,edge-iiotset-nightly,6,15,15,6,0.6740684237648501,0.05665914464245919,0.6006694048986108,0.7459631010306239,0.9703872576470494,0.018562052289268754
dsedge-iiotset-nightly_comp_bulyan_alpha0.2_adv0_dp0_sigma0.0_pers0_mu0.0_cf1.0_le1_idx13_seed50,bulyan,0.2,50,0.0,edge-iiotset-nightly,6,15,15,6,0.6239549392819052,0.0478795628451937,0.5561822421648283,0.6616065959544302,0.9729650098512184,0.03035512616772936
dsedge-iiotset-nightly_p0b1bacd1_comp_fedavg_alpha1.0_adv0_dp0_pers0_mu0.0_seed45_datasetedge-iiotset-nightly,fedavg,1.0,45,0.0,edge-iiotset-nightly,6,20,20,6,0.7354614639894448,0.02913340111709237,0.6860179557612842,0.7648336052308448,0.9668471608472853,0.003357389679647227
dsedge-iiotset-nightly_comp_bulyan_alpha0.05_adv0_dp0_sigma0.0_pers0_mu0.0_cf1.0_le1_idx50_seed42,bulyan,0.05,42,0.0,edge-iiotset-nightly,6,15,15,6,0.5905486072551189,0.055714012200969866,0.5148062339952759,0.6822222222222222,0.9776563083187139,0.0382175164173473
dsedge-iiotset-nightly_comp_fedprox_alpha0.05_adv0_dp0_sigma0.0_pers0_mu0.1_cf1.0_le1_idx12_seed49,unknown,0.05,49,0.1,edge-iiotset-nightly,6,15,15,6,0.38843645766844415,0.05927506788374245,0.30318554762775446,0.46419823611897404,0.9804664550965235,0.012912724160473166
dsedge-iiotset-nightly_p0b1bacd1_comp_median_alpha1.0_adv0_dp0_pers0_mu0.0_seed51_datasetedge-iiotset-nightly,median,1.0,51,0.0,edge-iiotset-nightly,6,20,20,6,0.7055512757072329,0.025965276278268938,0.6683050094540626,0.7299449764622472,0.9633617559801664,0.002523779059951737
dsedge-iiotset-nightly_comp_fedprox_alpha0.1_adv0_dp0_sigma0.0_pers0_mu0.0_cf1.0_le1_idx18_seed50,unknown,0.1,50,0.0,edge-iiotset-nightly,6,15,15,6,0.5556639681684223,0.05161245822915146,0.5074843228222704,0.6501580323057967,0.9740378982406632,0.03694493072550188
dsedge-iiotset-nightly_comp_fedprox_alpha0.5_adv0_dp0_pers0_mu0.1_seed44,unknown,0.5,44,0.1,edge-iiotset-nightly,6,15,15,6,0.5480956458545867,0.02919297255981248,0.5138273042147851,0.5895744911955533,0.9659150440487876,0.038458799545641596
dsedge-iiotset-nightly_comp_fedprox_alpha0.05_adv0_dp0_pers0_mu0.05_seed42,unknown,0.05,42,0.05,edge-iiotset-nightly,6,15,15,6,0.326284889525575,0.07478975041417853,0.2607881691675181,0.45441575827117997,0.9711417043223475,0.042451747311770545
dsedge-iiotset-nightly_comp_fedprox_alpha1.0_adv0_dp0_pers0_mu0.1_seed43,unknown,1.0,43,0.1,edge-iiotset-nightly,6,15,15,6,0.5627552517476387,0.024793160536731064,0.5398666918639156,0.6017810142629835,0.9572506280201206,0.023035878818511282
dsedge-iiotset-nightly_comp_fedavg_alpha0.5_adv0_dp0_pers0_mu0.0_seed42,fedavg,0.5,42,0.0,edge-iiotset-nightly,6,15,15,6,0.6495822608983348,0.03563107606222868,0.6046878670039466,0.7102401480113332,0.9653265439521266,0.03474148866868567
dsedge-iiotset-nightly_comp_fedavg_alpha0.5_adv0_dp1_pers0_mu0.0_seed43,fedavg,0.5,43,0.0,edge-iiotset-nightly,6,15,15,6,0.6144759895401916,0.015917698632624305,0.5938351103334366,0.6330556745665262,0.9303142799092357,0.06081776645035023
dsedge-iiotset-nightly_comp_fedavg_alpha0.5_adv0_dp1_pers0_mu0.0_seed45,fedavg,0.5,45,0.0,edge-iiotset-nightly,6,15,15,6,0.6042854733791846,0.023623469926306578,0.5714808982403841,0.6348339123585721,0.9610024384564906,0.0460269476599108
dsedge-iiotset-nightly_comp_krum_alpha1.0_adv0_dp0_pers0_mu0.0_seed42_datasetedge-iiotset-nightly,krum,1.0,42,0.0,edge-iiotset-nightly,6,20,20,6,0.6928615621987503,0.04959214594045625,0.6299007272909293,0.7719463759582331,0.9638304057140484,0.0038223120984346745
dsedge-iiotset-nightly_comp_fedprox_alpha0.05_adv0_dp0_sigma0.0_pers0_mu0.1_cf1.0_le1_idx13_seed50,unknown,0.05,50,0.1,edge-iiotset-nightly,6,15,15,6,0.38452450739043276,0.0634463968329706,0.3142335248661885,0.4874258856774184,0.987275011655957,0.019666011668771792
dsedge-iiotset-nightly_comp_fedprox_alpha0.2_adv0_dp0_pers0_mu0.05_seed42,unknown,0.2,42,0.05,edge-iiotset-nightly,6,15,15,6,0.5640221988581026,0.05061976426398607,0.5035836064717271,0.6547729418517672,0.9697567619798793,0.04203430481273462
dsedge-iiotset-nightly_comp_bulyan_alpha0.2_adv0_dp0_sigma0.0_pers0_mu0.0_cf1.0_le1_idx10_seed47,bulyan,0.2,47,0.0,edge-iiotset-nightly,6,15,15,6,0.6542373320739503,0.03454275451487626,0.5976746228169133,0.7040910397773131,0.9746684239318906,0.026496146316417456
dsedge-iiotset-nightly_comp_fedprox_alpha0.05_adv0_dp0_sigma0.0_pers0_mu0.05_cf1.0_le1_idx8_seed50,unknown,0.05,50,0.05,edge-iiotset-nightly,6,15,15,6,0.4120998402178607,0.05954376062860779,0.3233908140356429,0.5013010147866532,0.9879959823924135,0.02012592440229738
dsedge-iiotset-nightly_comp_fedprox_alpha0.2_adv0_dp0_pers0_mu0.01_seed45,unknown,0.2,45,0.01,edge-iiotset-nightly,6,15,15,6,0.6577087065044375,0.03618049288645623,0.6247482291967593,0.7271690309819341,0.9757433438892278,0.0497365508508028
dsedge-iiotset-nightly_comp_bulyan_alpha0.1_adv0_dp0_sigma0.0_pers0_mu0.0_cf1.0_le1_idx7_seed49,bulyan,0.1,49,0.0,edge-iiotset-nightly,6,15,15,6,0.6530859266872475,0.044950645029499296,0.5936446407512398,0.7104241393527108,0.973508626824525,0.03958893451172307
dsedge-iiotset-nightly_comp_fedavg_alpha0.1_adv0_dp0_pers0_mu0.0_seed43,fedavg,0.1,43,0.0,edge-iiotset-nightly,6,15,15,6,0.5567470888488709,0.06575582417698907,0.44682662356950315,0.6431389690738645,0.9692939461488518,0.03271665735381212
dsedge-iiotset-nightly_comp_median_alpha1.0_adv0_dp0_pers0_mu0.0_seed43,median,1.0,43,0.0,edge-iiotset-nightly,6,15,15,6,0.6805865454253879,0.035376651198067564,0.6169718215585729,0.7127189281831579,0.9633217059092231,0.0028376848391349673
dsedge-iiotset-nightly_comp_fedprox_alpha0.1_adv0_dp0_sigma0.0_pers0_mu0.05_cf1.0_le1_idx24_seed51,unknown,0.1,51,0.05,edge-iiotset-nightly,6,15,15,6,0.40239181241083455,0.06218193400169346,0.29076758477863446,0.469757489641635,0.9820598018433789,0.025100305630384085
dsedge-iiotset-nightly_comp_fedprox_alpha0.1_adv0_dp0_pers0_mu0.05_seed42,unknown,0.1,42,0.05,edge-iiotset-nightly,6,15,15,6,0.5151614168743288,0.0774301032832311,0.3994095813870533,0.6066748106314263,0.9773472009562737,0.03341936386416467
dsedge-iiotset-nightly_comp_bulyan_alpha0.2_adv0_dp0_sigma0.0_pers0_mu0.0_cf1.0_le1_idx11_seed48,bulyan,0.2,48,0.0,edge-iiotset-nightly,6,15,15,6,0.6289971394887492,0.037747772745661254,0.5798340427028263,0.6887365127030004,0.977904338883701,0.030982462367476597
dsedge-iiotset-nightly_comp_fedprox_alpha1.0_adv0_dp0_pers0_mu0.1_seed42,unknown,1.0,42,0.1,edge-iiotset-nightly,6,15,15,6,0.5793610986832137,0.041143545391620726,0.5202882508832699,0.6439396891655561,0.9568996514494217,0.020926650550093233
dsedge-iiotset-nightly_comp_fedprox_alpha0.2_adv0_dp0_sigma0.0_pers0_mu0.05_cf1.0_le1_idx35_seed47,unknown,0.2,47,0.05,edge-iiotset-nightly,6,15,15,6,0.5081105243946962,0.06250489586737117,0.43759972249922,0.5917143648906398,0.9693410751059989,0.030288638002947798
dsedge-iiotset-nightly_comp_fedprox_alpha1.0_adv0_dp0_pers0_mu0.05_seed46,unknown,1.0,46,0.05,edge-iiotset-nightly,6,15,15,6,0.6066912106691439,0.02487908902348364,0.5774382182489088,0.6499513569265164,0.973360460526893,0.018663866341511196
dsedge-iiotset-nightly_comp_fedprox_alpha0.05_adv0_dp0_sigma0.0_pers0_mu0.05_cf1.0_le1_idx5_seed47,unknown,0.05,47,0.05,edge-iiotset-nightly,6,15,15,6,0.4129601183055946,0.03913568766001999,0.3540566775003941,0.4609927740101575,0.9691350325574712,0.04479145634241933
dsedge-iiotset-nightly_comp_bulyan_alpha0.05_adv0_dp0_sigma0.0_pers0_mu0.0_cf1.0_le1_idx54_seed46,bulyan,0.05,46,0.0,edge-iiotset-nightly,6,15,15,6,0.5902901072235904,0.08420515573931771,0.47792922711562014,0.676423083259319,0.9541990899384784,0.06000564716340307
dsedge-iiotset-nightly_comp_fedprox_alpha1.0_adv0_dp0_pers0_mu0.01_seed45,unknown,1.0,45,0.01,edge-iiotset-nightly,6,15,15,6,0.6550532856067796,0.031272944712940405,0.5958017793180077,0.6851657199830985,0.9714776924372635,0.017686623808675306
dsedge-iiotset-nightly_comp_fedavg_alpha0.5_adv0_dp0_pers0_mu0.0_seed45,fedavg,0.5,45,0.0,edge-iiotset-nightly,6,15,15,6,0.642716703943548,0.03901931828513165,0.596377397038968,0.7089340060509467,0.9689918354983277,0.04311880551395728
dsedge-iiotset-nightly_p0b1bacd1_comp_fedavg_alpha1.0_adv0_dp0_pers0_mu0.0_seed48_datasetedge-iiotset-nightly,fedavg,1.0,48,0.0,edge-iiotset-nightly,6,20,20,6,0.7179249519735098,0.02570231202787035,0.6822506486043718,0.7514088403395519,0.9649384867533869,0.002737306194035654
dsedge-iiotset-nightly_p0b1bacd1_comp_krum_alpha1.0_adv0_dp0_pers0_mu0.0_seed47_datasetedge-iiotset-nightly,krum,1.0,47,0.0,edge-iiotset-nightly,6,20,20,6,0.706624949180278,0.03798385010002709,0.655613941222659,0.7494180380572811,0.9655816269372004,0.002718086824214846
dsedge-iiotset-nightly_comp_fedprox_alpha0.1_adv0_dp0_pers0_mu0.01_seed44,unknown,0.1,44,0.01,edge-iiotset-nightly,6,15,15,6,0.5576443447591876,0.09094967220463995,0.3921947072132291,0.6607419695062142,0.9842953565228688,0.013183230270404297
dsedge-iiotset-nightly_comp_bulyan_alpha0.1_adv0_dp0_sigma0.0_pers0_mu0.0_cf1.0_le1_idx58_seed45,bulyan,0.1,45,0.0,edge-iiotset-nightly,6,15,15,6,0.6213041761118752,0.04788811865807105,0.547353713161473,0.6889013612417804,0.9716510083578263,0.0641117182853558
dsedge-iiotset-nightly_comp_fedprox_alphainf_adv0_dp0_pers0_mu0.1_seed43,unknown,,43,0.1,edge-iiotset-nightly,6,15,15,6,0.5881634148719298,0.011088917184489282,0.5712795830552807,0.6034806931102008,0.9630933100784851,0.0029034651896571824
dsedge-iiotset-nightly_comp_fedprox_alpha1.0_adv0_dp0_pers0_mu0.1_seed45,unknown,1.0,45,0.1,edge-iiotset-nightly,6,15,15,6,0.5703338289471493,0.014718630050405695,0.5496594598493608,0.5871635111441489,0.9649108171829941,0.020775395406541965
dsedge-iiotset-nightly_p0b1bacd1_comp_krum_alpha1.0_adv0_dp0_pers0_mu0.0_seed43_datasetedge-iiotset-nightly,krum,1.0,43,0.0,edge-iiotset-nightly,6,20,20,6,0.6850851745337995,0.025317341093818984,0.6568067479778059,0.72411302443394,0.9629675732868612,0.003691587135454508
dsedge-iiotset-nightly_comp_fedprox_alpha0.5_adv0_dp0_pers0_mu0.05_seed45,unknown,0.5,45,0.05,edge-iiotset-nightly,6,15,1,5,0.2972884024598907,0.09976430667356574,0.126114753221746,0.37219493072754833,0.9235021133940479,0.05584223477944266
dsedge-iiotset-nightly_comp_fedprox_alpha0.2_adv0_dp0_pers0_mu0.01_seed46,unknown,0.2,46,0.01,edge-iiotset-nightly,6,15,15,6,0.6266838804298028,0.06296110750402956,0.5088492542949993,0.6743296248032865,0.9634235912209245,0.03256386990607674
dsedge-iiotset-nightly_comp_fedprox_alpha1.0_adv0_dp0_pers0_mu0.05_seed45,unknown,1.0,45,0.05,edge-iiotset-nightly,6,15,15,6,0.5809833312092761,0.012095897730321319,0.5572130866764958,0.5898106041707627,0.9668695480662525,0.022162596451117726
dsedge-iiotset-nightly_comp_bulyan_alpha0.1_adv0_dp0_sigma0.0_pers0_mu0.0_cf1.0_le1_idx59_seed46,bulyan,0.1,46,0.0,edge-iiotset-nightly,6,15,15,6,0.5706972675781775,0.047497792940758024,0.5059790482747349,0.6267133406430347,0.9839730392621877,0.01812271210887414
dsedge-iiotset-nightly_comp_fedprox_alpha0.1_adv0_dp0_sigma0.0_pers0_mu0.1_cf1.0_le1_idx29_seed51,unknown,0.1,51,0.1,edge-iiotset-nightly,6,15,15,6,0.3746548725753617,0.05173568991034273,0.29738992591881075,0.4584223645991248,0.9809452146279827,0.024811715026944906
dsedge-iiotset-nightly_comp_bulyan_alpha0.1_adv0_dp0_sigma0.0_pers0_mu0.0_cf1.0_le1_idx56_seed43,bulyan,0.1,43,0.0,edge-iiotset-nightly,6,15,15,6,0.6013938308625446,0.04386896024126953,0.5633344379650012,0.68608238000588,0.9585791480277264,0.04815954635040646
dsedge-iiotset-nightly_comp_fedavg_alpha1.0_adv0_dp0_pers3_mu0.0_seed45,fedavg,1.0,45,0.0,edge-iiotset-nightly,12,15,15,12,0.6786850670521223,0.02620789575433861,0.6184691390735749,0.7084348638261991,0.9643702504048836,0.00348822723308833
dsedge-iiotset-nightly_comp_fedprox_alpha0.1_adv0_dp0_pers0_mu0.01_seed43,unknown,0.1,43,0.01,edge-iiotset-nightly,6,15,15,6,0.5209263927627077,0.10379867320357777,0.3659827866450093,0.6721241159696231,0.9726417444866571,0.030788133464914717
dsedge-iiotset-nightly_comp_bulyan_alpha0.2_adv0_dp0_sigma0.0_pers0_mu0.0_cf1.0_le1_idx64_seed46,bulyan,0.2,46,0.0,edge-iiotset-nightly,6,15,15,6,0.6446885850493582,0.0473215089557314,0.5800652338024576,0.7035644289691682,0.9627784207140286,0.03434984674212792
dsedge-iiotset-nightly_comp_fedavg_alpha1.0_adv0_dp0_pers0_mu0.0_seed46,fedavg,1.0,46,0.0,edge-iiotset-nightly,6,15,15,6,0.6666384767770211,0.021612265933630977,0.6354217263648033,0.6957280186251237,0.9743929184690439,0.016655534112974844
dsedge-iiotset-nightly_comp_median_alpha1.0_adv0_dp0_pers0_mu0.0_seed44_datasetedge-iiotset-nightly,median,1.0,44,0.0,edge-iiotset-nightly,6,20,20,6,0.6925253883583357,0.020683497167304936,0.6693542428318171,0.724762610535474,0.9666749719696026,0.0008169227014204546
dsedge-iiotset-nightly_comp_bulyan_alpha1.0_adv0_dp0_pers0_mu0.0_seed43_datasetedge-iiotset-nightly,bulyan,1.0,43,0.0,edge-iiotset-nightly,6,20,20,6,0.6940886599885983,0.0400329769228699,0.6319040319398445,0.7340966595854029,0.9652942153565052,0.0007804057475224041
dsedge-iiotset-nightly_comp_fedprox_alpha0.1_adv0_dp0_sigma0.0_pers0_mu0.0_cf1.0_le1_idx15_seed47,unknown,0.1,47,0.0,edge-iiotset-nightly,6,15,15,6,0.5855656875391797,0.060821601012138266,0.5095679102489297,0.6604143190224915,0.9636207584024022,0.0493588442585909
dsedge-iiotset-nightly_comp_fedprox_alpha0.1_adv0_dp0_pers0_mu0.05_seed43,unknown,0.1,43,0.05,edge-iiotset-nightly,6,15,15,6,0.45907314176036507,0.061922866911622014,0.3435165523180543,0.531095410117619,0.9521920966427536,0.05634925091547476
dsedge-iiotset-nightly_p0b1bacd1_comp_krum_alpha1.0_adv0_dp0_pers0_mu0.0_seed50_datasetedge-iiotset-nightly,krum,1.0,50,0.0,edge-iiotset-nightly,6,20,20,6,0.686465279153325,0.03603404947151044,0.6369924097944359,0.7331193528815623,0.963289143378768,0.005868142025484426
dsedge-iiotset-nightly_comp_fedprox_alpha0.05_adv0_dp0_pers0_mu0.1_seed43,unknown,0.05,43,0.1,edge-iiotset-nightly,6,15,15,6,0.36898388597519616,0.09144160596178608,0.2627450980392157,0.5243237190906888,0.9619009083988569,0.04752106388855976
dsedge-iiotset-full_comp_fedavg_alpha1.0_adv0_dp0_pers0_mu0.0_seed43,fedavg,1.0,43,0.0,edge-iiotset-full,6,15,15,6,0.6984905244072233,0.025177071049732932,0.6563740060690427,0.7256060777105289,0.9615520109599766,0.003947752931236737
dsedge-iiotset-nightly_comp_fedavg_alpha0.5_adv0_dp1_pers0_mu0.0_seed51,fedavg,0.5,51,0.0,edge-iiotset-nightly,6,15,15,6,0.6057119772048791,0.0716680185387807,0.5110771338008534,0.6772663750573712,0.9514029410907405,0.02868428873677761
dsedge-iiotset-full_comp_fedavg_alpha1.0_adv0_dp0_pers0_mu0.0_seed45,fedavg,1.0,45,0.0,edge-iiotset-full,6,15,15,6,0.7092714384287659,0.0322298103476546,0.6719797959255868,0.7521451825461791,0.9642985288841047,0.004712851941835031
dsedge-iiotset-nightly_comp_fedprox_alpha0.2_adv0_dp0_pers0_mu0.05_seed44,unknown,0.2,44,0.05,edge-iiotset-nightly,6,15,15,6,0.5494765613197988,0.06487882746899575,0.46475742563324923,0.6435777586458518,0.9690857555431969,0.035570352912856394
dsedge-iiotset-nightly_comp_bulyan_alpha0.05_adv0_dp0_sigma0.0_pers0_mu0.0_cf1.0_le1_idx1_seed48,bulyan,0.05,48,0.0,edge-iiotset-nightly,6,15,15,6,0.6293546328723199,0.05995946259692296,0.5384983805375784,0.6927258798338757,0.9667601973407902,0.037688544728719735
dsedge-iiotset-nightly_comp_fedprox_alpha0.1_adv0_dp0_sigma0.0_pers0_mu0.05_cf1.0_le1_idx22_seed49,unknown,0.1,49,0.05,edge-iiotset-nightly,6,15,15,6,0.548480509308872,0.058696149784312944,0.4716864185726627,0.6334847706858959,0.9704287758560488,0.04542750684738989
dsedge-iiotset-nightly_comp_fedavg_alpha0.5_adv0_dp1_pers5_mu0.0_seed48,fedavg,0.5,48,0.0,edge-iiotset-nightly,6,15,15,6,0.6303417482813917,0.10348579866645813,0.46234108952135256,0.7339184970982126,0.9662375369345457,0.019464612818598192
dsedge-iiotset-nightly_comp_fedprox_alpha1.0_adv0_dp0_pers0_mu0.05_seed44_datasetedge-iiotset-nightly,unknown,1.0,44,0.05,edge-iiotset-nightly,6,20,20,6,0.721421488660057,0.033970870845737806,0.6828391242532416,0.7796784326197029,0.9678896225239816,0.002390093536351383
dsedge-iiotset-nightly_comp_bulyan_alpha0.05_adv0_dp0_sigma0.0_pers0_mu0.0_cf1.0_le1_idx53_seed45,bulyan,0.05,45,0.0,edge-iiotset-nightly,6,15,15,6,0.5012927628921713,0.062417631755839365,0.44206395739935683,0.5924875535596498,0.987812216173694,0.022409716218785652
dsedge-iiotset-nightly_comp_bulyan_alpha1.0_adv0_dp0_pers0_mu0.0_seed46,bulyan,1.0,46,0.0,edge-iiotset-nightly,6,15,15,6,0.6903150914857428,0.030453329154940117,0.6539600535723941,0.732917237245642,0.9651488725551265,0.0026000291058047168
dsedge-iiotset-nightly_comp_fedavg_alpha0.5_adv0_dp0_pers3_mu0.0_seed49,fedavg,0.5,49,0.0,edge-iiotset-nightly,6,15,15,6,0.6776152114542086,0.06171511800700311,0.5893518805912665,0.7604246704758086,0.9430282953462191,0.02892564272420085
dsedge-iiotset-nightly_comp_fedprox_alpha0.5_adv0_dp0_pers0_mu0.05_seed43,unknown,0.5,43,0.05,edge-iiotset-nightly,6,15,15,6,0.5796297407109684,0.011704618619182452,0.5628481900077258,0.5935538343722457,0.9423567874385357,0.05403903329293608
dsedge-iiotset-nightly_comp_fedprox_alpha0.5_adv0_dp0_pers0_mu0.1_seed43,unknown,0.5,43,0.1,edge-iiotset-nightly,6,15,15,6,0.5455413213858115,0.052314929543219625,0.4505664860793087,0.5804412756534457,0.9379040084660426,0.055465995230168263
dsedge-iiotset-nightly_comp_fedavg_alpha0.5_adv0_dp1_pers5_mu0.0_seed49,fedavg,0.5,49,0.0,edge-iiotset-nightly,6,15,15,6,0.6584258722000296,0.04174967527854452,0.5836576118308081,0.7107565664716246,0.9386294402675177,0.030436088004744302
dsedge-iiotset-nightly_comp_fedprox_alpha1.0_adv0_dp0_pers0_mu0.1_seed46,unknown,1.0,46,0.1,edge-iiotset-nightly,6,15,15,6,0.5743342317844252,0.015592906138549488,0.5543905124314674,0.5915798605735642,0.9722260987059727,0.01844087606669305
dsedge-iiotset-nightly_comp_fedavg_alpha0.2_adv0_dp0_pers0_mu0.0_seed46,fedavg,0.2,46,0.0,edge-iiotset-nightly,6,15,15,6,0.6075593043638791,0.06068111755669053,0.4925508901097603,0.6686055626459176,0.9618713769517133,0.03261405376768925
dsedge-iiotset-nightly_comp_fedprox_alpha0.05_adv0_dp0_pers0_mu0.1_seed44,unknown,0.05,44,0.1,edge-iiotset-nightly,6,15,15,6,0.3672739772032624,0.057127198155701636,0.29570490620490625,0.44640246595970434,0.9797469926197662,0.0220177333489553
dsedge-iiotset-nightly_p0b1bacd1_comp_krum_alpha1.0_adv0_dp0_pers0_mu0.0_seed44_datasetedge-iiotset-nightly,krum,1.0,44,0.0,edge-iiotset-nightly,6,20,20,6,0.7091569033365982,0.03592851250660404,0.6644600172299377,0.7521147328915911,0.9661106616045311,0.002051351560386717
dsedge-iiotset-nightly_p0b1bacd1_comp_median_alpha1.0_adv0_dp0_pers0_mu0.0_seed42_datasetedge-iiotset-nightly,median,1.0,42,0.0,edge-iiotset-nightly,6,20,20,6,0.6994935271002584,0.03774958305337289,0.6457661409585385,0.7384529285407964,0.9639426567913528,0.0067381606905604595
dsedge-iiotset-nightly_p0b1bacd1_comp_fedavg_alpha1.0_adv0_dp0_pers0_mu0.0_seed51_datasetedge-iiotset-nightly,fedavg,1.0,51,0.0,edge-iiotset-nightly,6,20,20,6,0.7243860691822114,0.03245476466225572,0.66858140968019,0.7502384736182098,0.9652911765316072,0.00343720656808755
dsedge-iiotset-nightly_comp_fedprox_alpha1.0_adv0_dp0_pers0_mu0.01_seed42_datasetedge-iiotset-nightly,unknown,1.0,42,0.01,edge-iiotset-nightly,6,20,20,6,0.6967543219133333,0.03723631990188276,0.6326608074372999,0.7340465643135382,0.9662077986794568,0.0031106866042440906
dsedge-iiotset-nightly_comp_fedavg_alpha0.5_adv0_dp1_pers0_mu0.0_seed46,fedavg,0.5,46,0.0,edge-iiotset-nightly,6,15,15,6,0.5880143232843189,0.08443746918986587,0.44126867540998876,0.6778454352624174,0.9595675976643738,0.02310952892220399
dsedge-iiotset-nightly_comp_fedprox_alpha0.5_adv0_dp0_sigma0.0_pers0_mu0.05_cf1.0_le1_idx45_seed47,unknown,0.5,47,0.05,edge-iiotset-nightly,6,15,15,6,0.5701253258685889,0.05035867865960754,0.4896075744172971,0.6456594278761606,0.9704309508126867,0.03970218333385538
dsedge-iiotset-nightly_comp_fedprox_alpha0.5_adv0_dp0_pers0_mu0.01_seed44,unknown,0.5,44,0.01,edge-iiotset-nightly,6,15,15,6,0.6697666578963054,0.05937174431546325,0.5758477243529901,0.7570128792204558,0.9725589204172412,0.031904433339167836
dsedge-iiotset-nightly_p0b1bacd1_comp_fedavg_alpha1.0_adv0_dp0_pers0_mu0.0_seed50_datasetedge-iiotset-nightly,fedavg,1.0,50,0.0,edge-iiotset-nightly,6,20,20,6,0.7207741246618143,0.02772477145785548,0.6875969369369357,0.7570175339989191,0.966162527748387,0.00467229385375949
dsedge-iiotset-nightly_comp_fedprox_alpha0.1_adv0_dp0_pers0_mu0.1_seed44,unknown,0.1,44,0.1,edge-iiotset-nightly,6,15,15,6,0.44434949377288036,0.12782806213884168,0.32874752311244726,0.6632388486047022,0.9774961833787674,0.022824413695715685
dsedge-iiotset-nightly_comp_fedprox_alpha0.5_adv0_dp0_pers0_mu0.05_seed44,unknown,0.5,44,0.05,edge-iiotset-nightly,6,15,15,6,0.5670089174430458,0.022323231371691447,0.534627159239052,0.5923588505717411,0.9673551066106953,0.03853492733274803
dsedge-iiotset-nightly_p0b1bacd1_comp_fedavg_alpha1.0_adv0_dp0_pers0_mu0.0_seed46_datasetedge-iiotset-nightly,fedavg,1.0,46,0.0,edge-iiotset-nightly,6,20,20,6,0.7041148514172599,0.03379427032872217,0.6535191937156928,0.7504527070178393,0.9667849214746582,0.001763326848893224
dsedge-iiotset-nightly_comp_fedavg_alpha1.0_adv0_dp0_pers0_mu0.0_seed45,fedavg,1.0,45,0.0,edge-iiotset-nightly,6,15,15,6,0.6437362710781841,0.0330102127682582,0.5907622441978567,0.6870010442781781,0.9711411066287376,0.018059899589208363
dsedge-iiotset-nightly_p0b1bacd1_comp_bulyan_alpha1.0_adv0_dp0_pers0_mu0.0_seed51_datasetedge-iiotset-nightly,bulyan,1.0,51,0.0,edge-iiotset-nightly,6,20,20,6,0.7068052696304247,0.04177398959212222,0.63786832257405,0.7527667369510473,0.964119001680463,0.00405899020555505
dsedge-iiotset-nightly_p0b1bacd1_comp_median_alpha1.0_adv0_dp0_pers0_mu0.0_seed49_datasetedge-iiotset-nightly,median,1.0,49,0.0,edge-iiotset-nightly,6,20,20,6,0.6990640913906809,0.029899476350892032,0.658626765670976,0.7408621330536193,0.9660069293168192,0.0015094384559171052
dsedge-iiotset-nightly_comp_fedprox_alphainf_adv0_dp0_pers0_mu0.1_seed44,unknown,,44,0.1,edge-iiotset-nightly,6,15,15,6,0.5811225449248019,0.0230695458986413,0.5528176028941967,0.6104976303007661,0.9575287571114156,0.008276191140454157
dsedge-iiotset-nightly_comp_fedprox_alphainf_adv0_dp0_pers0_mu0.05_seed46,unknown,,46,0.05,edge-iiotset-nightly,6,15,15,6,0.6029026659961407,0.019154981301487448,0.5667227829477659,0.6175931270803365,0.9640588015447863,0.0016142547949234618
dsedge-iiotset-nightly_comp_krum_alpha1.0_adv0_dp0_pers0_mu0.0_seed43,krum,1.0,43,0.0,edge-iiotset-nightly,6,15,15,6,0.684533664207097,0.040597166569847555,0.6215870027687269,0.7419870937678645,0.9644429218055728,0.001797323492444317
dsedge-iiotset-full_comp_bulyan_alpha1.0_adv0_dp0_pers0_mu0.0_seed42,bulyan,1.0,42,0.0,edge-iiotset-full,6,15,15,6,0.6905321286283242,0.03354036573817427,0.645685569547944,0.7294391558005456,0.9613269400136999,0.0037868079159284794
dsedge-iiotset-nightly_comp_bulyan_alpha1.0_adv0_dp0_pers0_mu0.0_seed42_datasetedge-iiotset-nightly,bulyan,1.0,42,0.0,edge-iiotset-nightly,6,20,20,6,0.700605110610493,0.04001407857158104,0.6363032531951055,0.7506289594980122,0.9658859681906897,0.0036202452531844988
dsedge-iiotset-nightly_comp_fedavg_alpha1.0_adv0_dp0_pers0_mu0.0_seed42,fedavg,1.0,42,0.0,edge-iiotset-nightly,6,15,15,6,0.6844772211741773,0.014495825379183314,0.6622221377670268,0.6978791316624909,0.9610251757708452,0.017349203671398118
dsedge-iiotset-nightly_comp_fedprox_alpha1.0_adv0_dp0_pers0_mu0.01_seed45_datasetedge-iiotset-nightly,unknown,1.0,45,0.01,edge-iiotset-nightly,6,20,20,6,0.6952006901155141,0.04134016663755923,0.6412284313709448,0.7580269603109767,0.965304596985175,0.00448244055083057
dsedge-iiotset-nightly_comp_fedprox_alpha0.2_adv0_dp0_sigma0.0_pers0_mu0.05_cf1.0_le1_idx38_seed50,unknown,0.2,50,0.05,edge-iiotset-nightly,6,15,15,6,0.5563831021582438,0.0707145725138394,0.4508396630447364,0.6451855098931365,0.9722269101028738,0.030401084020677028
dsedge-iiotset-nightly_comp_krum_alpha1.0_adv0_dp0_pers0_mu0.0_seed43_datasetedge-iiotset-nightly,krum,1.0,43,0.0,edge-iiotset-nightly,6,20,20,6,0.7002022311282935,0.030526115862089843,0.6536427556467892,0.7404178990698792,0.9662389435654666,0.002964888457584351
dsedge-iiotset-nightly_comp_fedprox_alpha1.0_adv0_dp0_pers0_mu0.05_seed42_datasetedge-iiotset-nightly,unknown,1.0,42,0.05,edge-iiotset-nightly,6,20,20,6,0.6941485190213211,0.03912033101081912,0.6321150315906297,0.7469518809028741,0.9647855155516798,0.004654120142913095
dsedge-iiotset-nightly_comp_fedavg_alpha0.5_adv0_dp0_pers5_mu0.0_seed50,fedavg,0.5,50,0.0,edge-iiotset-nightly,6,15,15,6,0.6825290066075763,0.053597429198684224,0.6048043658342189,0.7547713790922366,0.9712159786384283,0.022556581606241917
dsedge-iiotset-nightly_comp_fedavg_alpha0.5_adv0_dp0_pers3_mu0.0_seed50,fedavg,0.5,50,0.0,edge-iiotset-nightly,6,15,15,6,0.6567490986053125,0.04681383833549692,0.5936062569072902,0.7044091263338763,0.970844629773398,0.024189837116534354
dsedge-iiotset-nightly_comp_fedavg_alpha1.0_adv0_dp0_pers0_mu0.0_seed43,fedavg,1.0,43,0.0,edge-iiotset-nightly,6,15,15,6,0.6628889847279287,0.02751508536935146,0.6183733280633043,0.7017793607543085,0.956838906550736,0.019107312765166768
dsedge-iiotset-nightly_comp_fedavg_alpha1.0_adv0_dp0_pers3_mu0.0_seed44,fedavg,1.0,44,0.0,edge-iiotset-nightly,12,15,15,12,0.6645734288210523,0.03367654749769167,0.6044282197789812,0.7141335820619578,0.9653876500145343,0.0015403533320592975
dsedge-iiotset-nightly_comp_fedprox_alpha0.5_adv0_dp0_sigma0.0_pers0_mu0.05_cf1.0_le1_idx47_seed49,unknown,0.5,49,0.05,edge-iiotset-nightly,6,15,15,6,0.6290504183027762,0.04163595939702371,0.5853815615499293,0.6966554495949115,0.9383267951473331,0.03069793884812093
dsedge-iiotset-nightly_comp_fedavg_alphainf_adv0_dp0_pers0_mu0.0_seed45,fedavg,,45,0.0,edge-iiotset-nightly,6,15,15,6,0.6927114343004894,0.02332775601698066,0.6609146160300967,0.7188544397092758,0.965969021220049,0.0015423061598561086
dsedge-iiotset-nightly_comp_fedprox_alpha1.0_adv0_dp0_pers0_mu0.01_seed44,unknown,1.0,44,0.01,edge-iiotset-nightly,6,15,15,6,0.6624375146411878,0.04808127680524997,0.5921108780287896,0.7112996979628444,0.9684015152637229,0.020728362911242748
dsedge-iiotset-nightly_comp_fedavg_alpha0.5_adv0_dp1_pers3_mu0.0_seed49,fedavg,0.5,49,0.0,edge-iiotset-nightly,6,15,15,6,0.6609794653391258,0.061456629666718984,0.5449336405249802,0.711413432613836,0.9402237456600662,0.030167671992596838
dsedge-iiotset-nightly_p0b1bacd1_comp_median_alpha1.0_adv0_dp0_pers0_mu0.0_seed44_datasetedge-iiotset-nightly,median,1.0,44,0.0,edge-iiotset-nightly,6,20,20,6,0.7085173694727434,0.03405198846121194,0.6601512961709161,0.7412768244657122,0.9666708159581752,0.0011263435035074323
dsedge-iiotset-nightly_comp_fedprox_alpha0.1_adv0_dp0_sigma0.0_pers0_mu0.1_cf1.0_le1_idx26_seed48,unknown,0.1,48,0.1,edge-iiotset-nightly,6,15,15,6,0.4817519698415987,0.05989236502745978,0.4044610650961895,0.5710425477191564,0.9481380949578602,0.06532486272977299
dsedge-iiotset-nightly_comp_fedavg_alpha0.2_adv0_dp0_pers0_mu0.0_seed43,fedavg,0.2,43,0.0,edge-iiotset-nightly,6,15,15,6,0.6080873508839177,0.031126722289829437,0.5718140648503491,0.6548293429387182,0.9868527099112727,0.011442837584531811
dsedge-iiotset-nightly_p0b1bacd1_comp_krum_alpha1.0_adv0_dp0_pers0_mu0.0_seed45_datasetedge-iiotset-nightly,krum,1.0,45,0.0,edge-iiotset-nightly,6,20,20,6,0.7093547632240714,0.020227244050458806,0.6851170671440865,0.7466728130142583,0.966660442729404,0.0025384713002016153
dsedge-iiotset-nightly_p0b1bacd1_comp_median_alpha1.0_adv0_dp0_pers0_mu0.0_seed45_datasetedge-iiotset-nightly,median,1.0,45,0.0,edge-iiotset-nightly,6,20,20,6,0.7192184477112004,0.012422713303230463,0.7043752347372461,0.7357946542885008,0.9672620899981328,0.001707220432040206
dsedge-iiotset-nightly_comp_fedprox_alpha0.2_adv0_dp0_pers0_mu0.05_seed43,unknown,0.2,43,0.05,edge-iiotset-nightly,6,15,15,6,0.5560043269628834,0.06716399954002711,0.4569018057649668,0.6241566338096464,0.9890152431824024,0.008347354372188401
dsedge-iiotset-nightly_comp_fedavg_alpha0.5_adv0_dp0_pers3_mu0.0_seed51,fedavg,0.5,51,0.0,edge-iiotset-nightly,6,15,10,6,0.6359718836249129,0.0323253324784332,0.5838622254637925,0.6843813523744464,0.9599910220574106,0.02731662227940293
dsedge-iiotset-nightly_comp_fedprox_alpha0.5_adv0_dp0_sigma0.0_pers0_mu0.05_cf1.0_le1_idx49_seed51,unknown,0.5,51,0.05,edge-iiotset-nightly,6,15,15,6,0.5564419873183919,0.0323768406981186,0.5006621374338155,0.5975049828344408,0.9562976406551931,0.02949421174579952
dsedge-iiotset-nightly_comp_bulyan_alpha0.1_adv0_dp0_sigma0.0_pers0_mu0.0_cf1.0_le1_idx57_seed44,bulyan,0.1,44,0.0,edge-iiotset-nightly,6,15,15,6,0.6068162484712658,0.04995829532557545,0.5519560494198074,0.6751414768806073,0.984719603896034,0.01501300028292313
dsedge-iiotset-nightly_comp_krum_alpha1.0_adv0_dp0_pers0_mu0.0_seed42,krum,1.0,42,0.0,edge-iiotset-nightly,6,15,15,6,0.664745226648436,0.022274581902833903,0.639767072090974,0.7013353619507463,0.9623873593289315,0.0030083874889784063
dsedge-iiotset-nightly_comp_krum_alpha1.0_adv0_dp0_pers0_mu0.0_seed44,krum,1.0,44,0.0,edge-iiotset-nightly,6,15,15,6,0.6989809436701877,0.045923310925852535,0.6552761213574249,0.7800093887279501,0.9657094805033013,0.003279720646672778
dsedge-iiotset-nightly_p0b1bacd1_comp_bulyan_alpha1.0_adv0_dp0_pers0_mu0.0_seed49_datasetedge-iiotset-nightly,bulyan,1.0,49,0.0,edge-iiotset-nightly,6,20,20,6,0.7010376995870079,0.032600490170771546,0.6572832202697091,0.7408603265421121,0.9658202111989378,0.0016121879801117582
dsedge-iiotset-nightly_comp_fedprox_alpha0.05_adv0_dp0_pers0_mu0.01_seed43,unknown,0.05,43,0.01,edge-iiotset-nightly,6,15,15,6,0.47659552821609935,0.07931979608513275,0.3647853317190097,0.5688215017816456,0.9732780689938116,0.03386264180467828
dsedge-iiotset-nightly_comp_fedavg_alpha0.5_adv0_dp1_pers0_mu0.0_seed49,fedavg,0.5,49,0.0,edge-iiotset-nightly,6,15,15,6,0.6466661574353123,0.04928507814894823,0.5915943817365189,0.7074701592801355,0.9290104052676941,0.03966710219367262
dsedge-iiotset-nightly_comp_median_alpha1.0_adv0_dp0_pers0_mu0.0_seed44,median,1.0,44,0.0,edge-iiotset-nightly,6,15,15,6,0.6625741713558134,0.039037755551172025,0.6078420602009902,0.7127794704420559,0.9652734520991654,0.001366263353976817
dsedge-iiotset-nightly_comp_fedprox_alpha0.1_adv0_dp0_sigma0.0_pers0_mu0.05_cf1.0_le1_idx20_seed47,unknown,0.1,47,0.05,edge-iiotset-nightly,6,15,15,6,0.4355180139244644,0.03652627785052753,0.38881266315951263,0.4807342787019284,0.9579354604495363,0.0505369993125777
dsedge-iiotset-nightly_comp_fedprox_alpha0.05_adv0_dp0_pers0_mu0.01_seed44,unknown,0.05,44,0.01,edge-iiotset-nightly,6,15,15,6,0.47372079389050903,0.08876931089863944,0.3803318496216876,0.6264727502363427,0.9829623156619648,0.02139394059803958
dsedge-iiotset-nightly_comp_fedavg_alpha0.05_adv0_dp0_pers0_mu0.0_seed42,fedavg,0.05,42,0.0,edge-iiotset-nightly,6,15,15,6,0.4974543862415384,0.06491542640909645,0.41267477538462416,0.5916624340354331,0.9785053003075573,0.03526460103091494
dsedge-iiotset-nightly_comp_fedprox_alpha0.5_adv0_dp0_sigma0.0_pers0_mu0.05_cf1.0_le1_idx48_seed50,unknown,0.5,50,0.05,edge-iiotset-nightly,6,15,15,6,0.598114107960633,0.033311065256965124,0.5760598340976166,0.665436184612539,0.9610616163140113,0.029474686767610177
dsedge-iiotset-nightly_comp_bulyan_alpha0.1_adv0_dp0_sigma0.0_pers0_mu0.0_cf1.0_le1_idx9_seed51,bulyan,0.1,51,0.0,edge-iiotset-nightly,6,15,15,6,0.527393781254209,0.0393961540645718,0.4999859085464666,0.604013581956942,0.9828294788616412,0.02479202959579166
dsedge-iiotset-nightly_p0b1bacd1_comp_krum_alpha1.0_adv0_dp0_pers0_mu0.0_seed49_datasetedge-iiotset-nightly,krum,1.0,49,0.0,edge-iiotset-nightly,6,20,20,6,0.708214151578868,0.0214578802925649,0.6781071840840428,0.7371732249378049,0.9647932615505902,0.0011721289510031512
dsedge-iiotset-nightly_comp_bulyan_alpha0.1_adv0_dp0_sigma0.0_pers0_mu0.0_cf1.0_le1_idx55_seed42,bulyan,0.1,42,0.0,edge-iiotset-nightly,6,15,15,6,0.5985603405032892,0.05489962853525792,0.5120963939828519,0.6419177318903871,0.9784083822568784,0.03253495178207613
dsedge-iiotset-nightly_comp_fedprox_alpha1.0_adv0_dp0_pers0_mu0.05_seed43_datasetedge-iiotset-nightly,unknown,1.0,43,0.05,edge-iiotset-nightly,6,20,20,6,0.7122271856223341,0.021886124086131303,0.6896222932488368,0.7411940740187348,0.9669448943150202,0.0013730150377599141
dsedge-iiotset-nightly_comp_fedprox_alpha0.05_adv0_dp0_sigma0.0_pers0_mu0.0_cf1.0_le1_idx1_seed48,unknown,0.05,48,0.0,edge-iiotset-nightly,6,15,15,6,0.5592537951936374,0.1505186249061865,0.3664306882698003,0.7098148838808015,0.9631396127144793,0.04876293499834032
dsedge-iiotset-nightly_p0b1bacd1_comp_bulyan_alpha1.0_adv0_dp0_pers0_mu0.0_seed42_datasetedge-iiotset-nightly,bulyan,1.0,42,0.0,edge-iiotset-nightly,6,20,20,6,0.7146304307329934,0.015507315272839987,0.6923344292816278,0.7358940018768098,0.9662351403497853,0.0015310126630718745
dsedge-iiotset-nightly_p0b1bacd1_comp_krum_alpha1.0_adv0_dp0_pers0_mu0.0_seed48_datasetedge-iiotset-nightly,krum,1.0,48,0.0,edge-iiotset-nightly,6,20,20,6,0.705355725783763,0.032914603629259305,0.6675422081385106,0.7581487764675351,0.9644924379162259,0.007950942827875267
dsedge-iiotset-nightly_p0b1bacd1_comp_median_alpha1.0_adv0_dp0_pers0_mu0.0_seed46_datasetedge-iiotset-nightly,median,1.0,46,0.0,edge-iiotset-nightly,6,20,20,6,0.7053585919641137,0.031114697392658645,0.6517575278458523,0.7350271815744357,0.9658617041140225,0.0009767814699746915
dsedge-iiotset-nightly_comp_fedprox_alpha0.5_adv0_dp0_pers0_mu0.05_seed42,unknown,0.5,42,0.05,edge-iiotset-nightly,6,15,15,6,0.5983217303525454,0.0381272802008943,0.5416410848936741,0.6470555523182735,0.964186194264298,0.034616067584855865
dsedge-iiotset-nightly_p0b1bacd1_comp_bulyan_alpha1.0_adv0_dp0_pers0_mu0.0_seed48_datasetedge-iiotset-nightly,bulyan,1.0,48,0.0,edge-iiotset-nightly,6,20,20,6,0.7012945442705703,0.041875832596478084,0.6245919727238884,0.7376707000302493,0.9654571481919463,0.003580143750494339
dsedge-iiotset-nightly_comp_fedprox_alphainf_adv0_dp0_pers0_mu0.01_seed45,unknown,,45,0.01,edge-iiotset-nightly,6,15,15,6,0.6836945915086425,0.016915796437780836,0.6663679528544334,0.7126061425602095,0.9653253602425148,0.002014057367267886
dsedge-iiotset-nightly_p0b1bacd1_comp_bulyan_alpha1.0_adv0_dp0_pers0_mu0.0_seed45_datasetedge-iiotset-nightly,bulyan,1.0,45,0.0,edge-iiotset-nightly,6,20,20,6,0.7411737727278903,0.028558079676691432,0.6988858757440864,0.7705832590116815,0.967106491566565,0.002406258181939386
dsedge-iiotset-full_comp_krum_alpha1.0_adv0_dp0_pers0_mu0.0_seed42,krum,1.0,42,0.0,edge-iiotset-full,6,15,15,6,0.6662780534006917,0.03963270110870229,0.6289591056806582,0.7355470827073096,0.9617575105196203,0.00478109387627624
dsedge-iiotset-nightly_comp_fedprox_alphainf_adv0_dp0_pers0_mu0.1_seed45,unknown,,45,0.1,edge-iiotset-nightly,6,15,15,6,0.5826261859017621,0.01412605804391751,0.563151172726133,0.5977834062982315,0.9630517835638055,0.002900434571413828
dsedge-iiotset-nightly_comp_fedprox_alpha0.1_adv0_dp0_sigma0.0_pers0_mu0.1_cf1.0_le1_idx27_seed49,unknown,0.1,49,0.1,edge-iiotset-nightly,6,15,15,6,0.4886013936746445,0.08013004401708053,0.3527305001029018,0.5910376719458597,0.9698169204025593,0.045064379749530564
dsedge-iiotset-nightly_comp_fedprox_alpha0.1_adv0_dp0_pers0_mu0.05_seed45,unknown,0.1,45,0.05,edge-iiotset-nightly,6,15,15,6,0.5225610080976133,0.043594197597388716,0.4581613998226431,0.5638405918341046,0.9646381894300202,0.07820548991323215
dsedge-iiotset-nightly_comp_fedprox_alpha0.5_adv0_dp0_pers0_mu0.1_seed42,unknown,0.5,42,0.1,edge-iiotset-nightly,6,15,15,6,0.5567321456574994,0.033132313614269646,0.5189214159533794,0.5960257656946467,0.961108215382939,0.0403412143296515
dsedge-iiotset-nightly_comp_median_alpha1.0_adv0_dp0_pers0_mu0.0_seed45_datasetedge-iiotset-nightly,median,1.0,45,0.0,edge-iiotset-nightly,6,20,20,6,0.6945083196129446,0.03636015337793622,0.6479853700436132,0.7413519532745007,0.966405049624185,0.004016732495960629
dsedge-iiotset-nightly_comp_fedavg_alpha1.0_adv0_dp0_pers1_mu0.0_seed46,fedavg,1.0,46,0.0,edge-iiotset-nightly,12,15,15,12,0.6813694720381146,0.029453197494466645,0.6298258081170299,0.7285749779023668,0.9636123915119804,0.003971460558256117
dsedge-iiotset-nightly_comp_fedprox_alpha0.2_adv0_dp0_sigma0.0_pers0_mu0.0_cf1.0_le1_idx31_seed48,unknown,0.2,48,0.0,edge-iiotset-nightly,6,15,15,6,0.6241655985029477,0.038064076851454014,0.5755977390346654,0.6662429200601541,0.9782774467721667,0.03046831732656966
dsedge-iiotset-nightly_comp_fedprox_alpha0.1_adv0_dp0_pers0_mu0.01_seed42,unknown,0.1,42,0.01,edge-iiotset-nightly,6,15,15,6,0.5728421696530497,0.07177544280177359,0.4625775096363332,0.6451119689665904,0.978399335446811,0.03061031648218121
dsedge-iiotset-nightly_comp_fedprox_alpha1.0_adv0_dp0_pers0_mu0.01_seed44_datasetedge-iiotset-nightly,unknown,1.0,44,0.01,edge-iiotset-nightly,6,20,20,6,0.7050413794689224,0.025088356634435604,0.6784912159361715,0.7482715587183458,0.9660313109920684,0.001033835088883441
dsedge-iiotset-nightly_comp_fedprox_alpha1.0_adv0_dp0_pers0_mu0.1_seed44,unknown,1.0,44,0.1,edge-iiotset-nightly,6,15,15,6,0.5804381856971731,0.03364345210023121,0.5299611756034893,0.6186701015631699,0.9656942059949571,0.023077709210845884
dsedge-iiotset-nightly_comp_fedavg_alphainf_adv0_dp0_pers0_mu0.0_seed43,fedavg,,43,0.0,edge-iiotset-nightly,6,15,15,6,0.6754328289080155,0.03021777014796544,0.6432776505923121,0.7235605520894725,0.9636954445413397,0.002171910162059007
dsedge-iiotset-nightly_p0b1bacd1_comp_fedavg_alpha1.0_adv0_dp0_pers0_mu0.0_seed44_datasetedge-iiotset-nightly,fedavg,1.0,44,0.0,edge-iiotset-nightly,6,20,20,6,0.7111025669867181,0.028812057504971872,0.6766575720049971,0.7552764796433139,0.9667123088732599,0.0014151304531540977
dsedge-iiotset-nightly_comp_fedprox_alphainf_adv0_dp0_pers0_mu0.01_seed42,unknown,,42,0.01,edge-iiotset-nightly,6,15,15,6,0.6684659241472346,0.02368135432874467,0.6435814916328374,0.7079616393206499,0.9609235496864748,0.005143591518354218
dsedge-iiotset-nightly_p0b1bacd1_comp_median_alpha1.0_adv0_dp0_pers0_mu0.0_seed50_datasetedge-iiotset-nightly,median,1.0,50,0.0,edge-iiotset-nightly,6,20,20,6,0.6951272972252607,0.03329425367259649,0.6366448841659228,0.7338614101753352,0.9640775087653783,0.00489225487695131
dsedge-iiotset-nightly_comp_fedprox_alpha0.05_adv0_dp0_pers0_mu0.05_seed45,unknown,0.05,45,0.05,edge-iiotset-nightly,6,15,15,6,0.32946692925085985,0.04278537720928133,0.27813084554102846,0.39761878478367874,0.9851241468733385,0.022715937281740796
dsedge-iiotset-nightly_comp_krum_alpha1.0_adv0_dp0_pers0_mu0.0_seed46_datasetedge-iiotset-nightly,krum,1.0,46,0.0,edge-iiotset-nightly,6,20,20,6,0.7116769276457381,0.0199854290476345,0.6861313931025279,0.7422067558114611,0.9675989369212242,0.0015838840919148325
dsedge-iiotset-nightly_comp_bulyan_alpha0.2_adv0_dp0_sigma0.0_pers0_mu0.0_cf1.0_le1_idx14_seed51,bulyan,0.2,51,0.0,edge-iiotset-nightly,6,15,15,6,0.6023640117942931,0.05102868046098372,0.5144747987302484,0.6509917521631848,0.9513753373572823,0.06885679440753101
dsedge-iiotset-nightly_comp_bulyan_alpha1.0_adv0_dp0_pers0_mu0.0_seed46_datasetedge-iiotset-nightly,bulyan,1.0,46,0.0,edge-iiotset-nightly,6,20,20,6,0.7071691065860071,0.02556982685496287,0.6727763339417436,0.733005068813841,0.96695527594369,0.002041641708187768
dsedge-iiotset-nightly_comp_bulyan_alpha0.05_adv0_dp0_sigma0.0_pers0_mu0.0_cf1.0_le1_idx0_seed47,bulyan,0.05,47,0.0,edge-iiotset-nightly,6,15,15,6,0.622278779283885,0.06352131767293744,0.5045291010055423,0.6961774686726762,0.9815642238491679,0.02499682654440165
dsedge-iiotset-nightly_comp_fedprox_alpha0.05_adv0_dp0_pers0_mu0.1_seed46,unknown,0.05,46,0.1,edge-iiotset-nightly,6,15,15,6,0.3652950106664829,0.08763928991586904,0.2800267938307154,0.5049702261345268,0.9445432473020138,0.06636177728278353
dsedge-iiotset-nightly_comp_fedavg_alpha0.2_adv0_dp0_pers0_mu0.0_seed44,fedavg,0.2,44,0.0,edge-iiotset-nightly,6,15,15,6,0.6083051569022431,0.05630654589501814,0.5254588895608473,0.6580707829429707,0.9753099864898099,0.03103070146152192
