slice,n_runs,n_seeds,metric_mean,ci_low,ci_high,reliability_grade,dataset,aggregation,adv_percent,attack_mode,alpha,fedprox_mu
baseline_iid,20,20,0.4774949285808775,0.46518415612260217,0.48980570103915283,A,cic,bulyan,,,,
baseline_iid,21,21,0.4612131388056685,0.4486793084670011,0.4737469691443359,A,cic,fedavg,,,,
baseline_iid,20,20,0.42451269813032083,0.4119780742231929,0.4370473220374488,A,cic,krum,,,,
baseline_iid,20,20,0.48870111848822023,0.47788257965186415,0.4995196573245763,A,cic,median,,,,
baseline_iid,20,20,0.683804760190333,0.6771989248868544,0.6904105954938116,A,edge-iiotset-full,bulyan,,,,
baseline_iid,13,13,0.684640352304653,0.6775082096236169,0.6917724949856892,A,edge-iiotset-full,fedavg,,,,
baseline_iid,20,20,0.6461426506019102,0.6355876650587232,0.6566976361450972,A,edge-iiotset-full,krum,,,,
baseline_iid,20,20,0.6850237065938642,0.6793298229290442,0.6907175902586843,A,edge-iiotset-full,median,,,,
baseline_iid,34,20,0.44388776135751046,0.4237066473920217,0.46406887532299923,A,unsw,bulyan,,,,
baseline_iid,43,21,0.4347621895910899,0.416005783052667,0.45351859612951284,A,unsw,fedavg,,,,
baseline_iid,30,20,0.41868329193779036,0.39598832517003535,0.44137825870554537,A,unsw,krum,,,,
baseline_iid,26,20,0.4593532928186187,0.4341712414101754,0.484535344227062,A,unsw,median,,,,
attack_alpha0.5_collapsed,37,20,0.3208178022195869,0.275367102869437,0.3662685015697368,A,cic,bulyan,10.0,,,
attack_alpha0.5_collapsed,37,20,0.2879612350931438,0.23866520632606775,0.33725726386021987,A,cic,fedavg,10.0,,,
attack_alpha0.5_collapsed,37,20,0.27899565290800754,0.22502830949726593,0.33296299631874915,A,cic,fedavg,20.0,,,
attack_alpha0.5_collapsed,37,20,0.27583739689211123,0.22074228350048972,0.3309325102837327,A,cic,fedavg,30.0,,,
attack_alpha0.5_collapsed,37,20,0.27971758413330916,0.2402504092415509,0.31918475902506743,A,cic,krum,10.0,,,
attack_alpha0.5_collapsed,37,20,0.2680402146819849,0.2272872298677824,0.30879319949618744,A,cic,krum,20.0,,,
attack_alpha0.5_collapsed,37,20,0.2565387018446624,0.21492307482923867,0.2981543288600861,A,cic,krum,30.0,,,
attack_alpha0.5_collapsed,37,20,0.32468467239599624,0.27988802456586986,0.3694813202261226,A,cic,median,10.0,,,
attack_alpha0.5_collapsed,37,20,0.3154789473340201,0.2670802519921521,0.3638776426758881,A,cic,median,20.0,,,
attack_alpha0.5_collapsed,37,20,0.30735101677079896,0.25622518828054264,0.3584768452610553,A,cic,median,30.0,,,
attack_alpha0.5_collapsed,50,20,0.5944230349422598,0.573449085776988,0.6153969841075315,A,edge-iiotset-full,bulyan,10.0,,,
attack_alpha0.5_collapsed,50,20,0.41235140552796096,0.3475164154425654,0.4771863956133565,A,edge-iiotset-full,fedavg,10.0,,,
attack_alpha0.5_collapsed,50,20,0.2948836404086238,0.22868459356719562,0.361082687250052,A,edge-iiotset-full,fedavg,20.0,,,
attack_alpha0.5_collapsed,50,20,0.21062912474578688,0.1522495704191387,0.2690086790724351,A,edge-iiotset-full,fedavg,30.0,,,
attack_alpha0.5_collapsed,50,20,0.5568916035746317,0.538795713680921,0.5749874934683424,A,edge-iiotset-full,krum,10.0,,,
attack_alpha0.5_collapsed,50,20,0.4927261858868484,0.47020026773396423,0.5152521040397327,A,edge-iiotset-full,krum,20.0,,,
attack_alpha0.5_collapsed,50,20,0.4101214064425276,0.3825153170790397,0.4377274958060155,A,edge-iiotset-full,krum,30.0,,,
attack_alpha0.5_collapsed,50,20,0.5858493720506907,0.5650345825012536,0.6066641616001277,A,edge-iiotset-full,median,10.0,,,
attack_alpha0.5_collapsed,50,20,0.5209303762572431,0.4977031880449798,0.5441575644695065,A,edge-iiotset-full,median,20.0,,,
attack_alpha0.5_collapsed,50,20,0.4307654545612953,0.4022670444242947,0.4592638646982959,A,edge-iiotset-full,median,30.0,,,
attack_alpha0.5_collapsed,34,20,0.45117532907292196,0.4184761455597671,0.48387451258607683,A,unsw,bulyan,10.0,,,
attack_alpha0.5_collapsed,36,20,0.3837637889783013,0.3380588458248859,0.42946873213171677,A,unsw,fedavg,10.0,,,
attack_alpha0.5_collapsed,25,20,0.2781738513447309,0.21149588940351546,0.3448518132859463,A,unsw,fedavg,20.0,,,
attack_alpha0.5_collapsed,31,20,0.28399519885252544,0.23094774820884503,0.3370426494962058,A,unsw,fedavg,30.0,,,
attack_alpha0.5_collapsed,30,20,0.4048209686369594,0.36962389885246527,0.4400180384214535,A,unsw,krum,10.0,,,
attack_alpha0.5_collapsed,27,20,0.35558024221915857,0.3182778293167282,0.39288265512158893,A,unsw,krum,20.0,,,
attack_alpha0.5_collapsed,33,20,0.3258799263297977,0.2895271132380348,0.36223273942156053,A,unsw,krum,30.0,,,
attack_alpha0.5_collapsed,31,20,0.42905046115357953,0.39400811088057774,0.4640928114265813,A,unsw,median,10.0,,,
attack_alpha0.5_collapsed,28,20,0.3772248372516517,0.3377139748219325,0.41673569968137086,A,unsw,median,20.0,,,
attack_alpha0.5_collapsed,35,20,0.35068189956783685,0.31719166322141074,0.38417213591426297,A,unsw,median,30.0,,,
attack_alpha0.5_by_mode,5,5,0.19075343042578086,0.13769978678049474,0.24380707407106697,B,cic,bulyan,10.0,label_flip,,
attack_alpha0.5_by_mode,20,20,0.4409610231950968,0.42501064714718906,0.4569113992430045,A,cic,bulyan,10.0,none,,
attack_alpha0.5_by_mode,5,5,0.18808702133960212,0.15428586703142821,0.22188817564777602,B,cic,bulyan,10.0,targeted_label,,
attack_alpha0.5_by_mode,5,5,0.20686785703729488,0.15057972524504404,0.2631559888295457,B,cic,fedavg,10.0,label_flip,,
attack_alpha0.5_by_mode,20,20,0.41388126218978527,0.39889674526027147,0.4288657791192991,A,cic,fedavg,10.0,none,,
attack_alpha0.5_by_mode,5,5,0.16292631860133763,0.1388474118789563,0.18700522532371897,B,cic,fedavg,10.0,targeted_label,,
attack_alpha0.5_by_mode,5,5,0.19754472860189515,0.1332165727534685,0.2618728844503218,B,cic,fedavg,20.0,label_flip,,
attack_alpha0.5_by_mode,20,20,0.4167497699266221,0.40474065244567176,0.42875888740757245,A,cic,fedavg,20.0,none,,
attack_alpha0.5_by_mode,5,5,0.1515382120866509,0.1242477235392101,0.17882870063409168,B,cic,fedavg,20.0,targeted_label,,
attack_alpha0.5_by_mode,5,5,0.19246773208370271,0.11492670278570401,0.27000876138170143,B,cic,fedavg,30.0,label_flip,,
attack_alpha0.5_by_mode,20,20,0.41673824316035546,0.40406465423803384,0.4294118320826771,A,cic,fedavg,30.0,none,,
attack_alpha0.5_by_mode,5,5,0.13985181784353845,0.11058907719066838,0.16911455849640852,B,cic,fedavg,30.0,targeted_label,,
attack_alpha0.5_by_mode,5,5,0.164496107508807,0.12296905492440532,0.20602316009320867,B,cic,krum,10.0,label_flip,,
attack_alpha0.5_by_mode,20,20,0.38363594779782273,0.36821285264837433,0.3990590429472711,A,cic,krum,10.0,none,,
attack_alpha0.5_by_mode,5,5,0.17232641646573527,0.14339141745555195,0.20126141547591858,B,cic,krum,10.0,targeted_label,,
attack_alpha0.5_by_mode,5,5,0.14574610155308454,0.08591399278826692,0.20557821031790216,B,cic,krum,20.0,label_flip,,
attack_alpha0.5_by_mode,20,20,0.3748636023832773,0.3593483649008441,0.39037883986571054,A,cic,krum,20.0,none,,
attack_alpha0.5_by_mode,5,5,0.16238568695085703,0.12868027375382388,0.1960911001478902,B,cic,krum,20.0,targeted_label,,
attack_alpha0.5_by_mode,5,5,0.1398927510459592,0.09790832797338042,0.18187717411853796,B,cic,krum,30.0,label_flip,,
attack_alpha0.5_by_mode,20,20,0.3650752862351568,0.34649047745559625,0.3836600950147173,A,cic,krum,30.0,none,,
attack_alpha0.5_by_mode,5,5,0.1496499939069269,0.11224499546366154,0.18705499235019227,B,cic,krum,30.0,targeted_label,,
attack_alpha0.5_by_mode,5,5,0.1967232656222957,0.13991525848706915,0.25353127275752224,B,cic,median,10.0,label_flip,,
attack_alpha0.5_by_mode,20,20,0.4432273386763857,0.4273664517537436,0.4590882255990278,A,cic,median,10.0,none,,
attack_alpha0.5_by_mode,5,5,0.18964523372085948,0.1667296920444623,0.21256077539725665,B,cic,median,10.0,targeted_label,,
attack_alpha0.5_by_mode,5,5,0.18717888424497536,0.12130565916703566,0.25305210932291505,B,cic,median,20.0,label_flip,,
attack_alpha0.5_by_mode,20,20,0.4432273386763857,0.4273664517537436,0.4590882255990278,A,cic,median,20.0,none,,
attack_alpha0.5_by_mode,5,5,0.1779443807997385,0.14438433643931375,0.21150442516016327,B,cic,median,20.0,targeted_label,,
attack_alpha0.5_by_mode,5,5,0.16885259263266555,0.10464560214484753,0.23305958312048358,B,cic,median,30.0,label_flip,,
attack_alpha0.5_by_mode,20,20,0.44322733867638575,0.42736645175374366,0.45908822559902784,A,cic,median,30.0,none,,
attack_alpha0.5_by_mode,5,5,0.1548476414286864,0.1269743109871215,0.1827209718702513,B,cic,median,30.0,targeted_label,,
attack_alpha0.5_by_mode,10,10,0.5900991384960843,0.5297791783577708,0.6504190986343978,A,edge-iiotset-full,bulyan,10.0,label_flip,,
attack_alpha0.5_by_mode,20,20,0.599179813885228,0.5680771694259089,0.6302824583445471,A,edge-iiotset-full,bulyan,10.0,none,,
attack_alpha0.5_by_mode,10,10,0.5881646806235674,0.5271714603531675,0.6491579008939673,A,edge-iiotset-full,bulyan,10.0,sign_flip_topk,,
attack_alpha0.5_by_mode,10,10,0.5954917278211912,0.5408517954148249,0.6501316602275575,A,edge-iiotset-full,bulyan,10.0,targeted_label,,
attack_alpha0.5_by_mode,10,10,0.5772783221585182,0.504695553255993,0.6498610910610433,A,edge-iiotset-full,fedavg,10.0,label_flip,,
attack_alpha0.5_by_mode,20,20,0.3073014417727674,0.2054804168633269,0.4091224666822079,A,edge-iiotset-full,fedavg,10.0,none,,
attack_alpha0.5_by_mode,10,10,0.28319192830145173,0.10820923076748334,0.4581746258354201,A,edge-iiotset-full,fedavg,10.0,sign_flip_topk,,
attack_alpha0.5_by_mode,10,10,0.5866838936343003,0.5301113137484638,0.6432564735201368,A,edge-iiotset-full,fedavg,10.0,targeted_label,,
attack_alpha0.5_by_mode,10,10,0.5073644493443559,0.4037463425079708,0.6109825561807409,A,edge-iiotset-full,fedavg,20.0,label_flip,,
attack_alpha0.5_by_mode,20,20,0.16349978582768498,0.07953894457414298,0.24746062708122699,A,edge-iiotset-full,fedavg,20.0,none,,
attack_alpha0.5_by_mode,10,10,0.1208262823255509,0.016654515130566316,0.22499804952053548,A,edge-iiotset-full,fedavg,20.0,sign_flip_topk,,
attack_alpha0.5_by_mode,10,10,0.5192278987178426,0.45866822897461007,0.5797875684610752,A,edge-iiotset-full,fedavg,20.0,targeted_label,,
attack_alpha0.5_by_mode,10,10,0.38621609671703616,0.27397654615996736,0.49845564727410496,A,edge-iiotset-full,fedavg,30.0,label_flip,,
attack_alpha0.5_by_mode,20,20,0.09754060425341651,0.027185010894927628,0.16789619761190538,A,edge-iiotset-full,fedavg,30.0,none,,
attack_alpha0.5_by_mode,10,10,0.056505748903226224,-0.022138106068813904,0.13514960387526637,A,edge-iiotset-full,fedavg,30.0,sign_flip_topk,,
attack_alpha0.5_by_mode,10,10,0.4153425696018391,0.3449075117828553,0.48577762742082287,A,edge-iiotset-full,fedavg,30.0,targeted_label,,
attack_alpha0.5_by_mode,10,10,0.5513279481640707,0.4997512643881196,0.6029046319400218,A,edge-iiotset-full,krum,10.0,label_flip,,
attack_alpha0.5_by_mode,20,20,0.5634612394968441,0.5359778664130657,0.5909446125806226,A,edge-iiotset-full,krum,10.0,none,,
attack_alpha0.5_by_mode,10,10,0.5494360463968138,0.4973638595663286,0.601508233227299,A,edge-iiotset-full,krum,10.0,sign_flip_topk,,
attack_alpha0.5_by_mode,10,10,0.5567715443185861,0.5109405268226191,0.6026025618145531,A,edge-iiotset-full,krum,10.0,targeted_label,,
attack_alpha0.5_by_mode,10,10,0.49032303048876535,0.43015560704666045,0.5504904539308703,A,edge-iiotset-full,krum,20.0,label_flip,,
attack_alpha0.5_by_mode,20,20,0.4942887231457102,0.457116074050247,0.5314613722411734,A,edge-iiotset-full,krum,20.0,none,,
attack_alpha0.5_by_mode,10,10,0.4857589900706312,0.42320084610585545,0.5483171340354069,A,edge-iiotset-full,krum,20.0,sign_flip_topk,,
attack_alpha0.5_by_mode,10,10,0.4989714625834251,0.4433050846424302,0.5546378405244201,A,edge-iiotset-full,krum,20.0,targeted_label,,
attack_alpha0.5_by_mode,10,10,0.4036709722205747,0.3327054500896515,0.47463649435149785,A,edge-iiotset-full,krum,30.0,label_flip,,
attack_alpha0.5_by_mode,20,20,0.4175713186275945,0.3710635865271619,0.4640790507280271,A,edge-iiotset-full,krum,30.0,none,,
attack_alpha0.5_by_mode,10,10,0.3948472678028382,0.31918272311138784,0.47051181249428853,A,edge-iiotset-full,krum,30.0,sign_flip_topk,,
attack_alpha0.5_by_mode,10,10,0.4169461549340362,0.3490233923115091,0.4848689175565633,A,edge-iiotset-full,krum,30.0,targeted_label,,
attack_alpha0.5_by_mode,10,10,0.5907866308053165,0.5323086942471809,0.6492645673634521,A,edge-iiotset-full,median,10.0,label_flip,,
attack_alpha0.5_by_mode,20,20,0.5932121808065154,0.5636567445719315,0.6227676170410993,A,edge-iiotset-full,median,10.0,none,,
attack_alpha0.5_by_mode,10,10,0.5593896692476721,0.4955090256861253,0.6232703128092189,A,edge-iiotset-full,median,10.0,sign_flip_topk,,
attack_alpha0.5_by_mode,10,10,0.5926461985874343,0.5412977188637388,0.6439946783111298,A,edge-iiotset-full,median,10.0,targeted_label,,
attack_alpha0.5_by_mode,10,10,0.5209628596672652,0.4561014990414053,0.5858242202931251,A,edge-iiotset-full,median,20.0,label_flip,,
attack_alpha0.5_by_mode,20,20,0.5243165454902349,0.48821545577421416,0.5604176352062556,A,edge-iiotset-full,median,20.0,none,,
attack_alpha0.5_by_mode,10,10,0.5080782394222305,0.4439881195894816,0.5721683592549794,A,edge-iiotset-full,median,20.0,sign_flip_topk,,
attack_alpha0.5_by_mode,10,10,0.5269776912162504,0.46582227256444403,0.5881331098680567,A,edge-iiotset-full,median,20.0,targeted_label,,
attack_alpha0.5_by_mode,10,10,0.4230688693663448,0.3534915884414449,0.4926461502912447,A,edge-iiotset-full,median,30.0,label_flip,,
attack_alpha0.5_by_mode,20,20,0.4448523709388805,0.3967252546570765,0.4929794872206846,A,edge-iiotset-full,median,30.0,none,,
attack_alpha0.5_by_mode,10,10,0.40972824011154624,0.33139204098525676,0.4880644392378357,A,edge-iiotset-full,median,30.0,sign_flip_topk,,
attack_alpha0.5_by_mode,10,10,0.43132542145082403,0.3598900774464802,0.5027607654551679,A,edge-iiotset-full,median,30.0,targeted_label,,
attack_alpha0.5_by_mode,9,5,0.4172350777596222,0.3446626153049796,0.4898075402142648,B,unsw,bulyan,10.0,grad_ascent,,
attack_alpha0.5_by_mode,7,5,0.5186295927859813,0.44325556339848743,0.5940036221734752,B,unsw,bulyan,10.0,label_flip,,
attack_alpha0.5_by_mode,6,5,0.4963590100302715,0.4534515457752083,0.5392664742853347,B,unsw,bulyan,10.0,none,,
attack_alpha0.5_by_mode,7,5,0.38073437966522344,0.3123832536612088,0.4490855056692381,B,unsw,bulyan,10.0,sign_flip_topk,,
attack_alpha0.5_by_mode,5,5,0.4622287242605371,0.32660115795386924,0.597856290567205,B,unsw,bulyan,10.0,targeted_label,,
attack_alpha0.5_by_mode,6,5,0.3267684244219029,0.11313723078169738,0.5403996180621085,B,unsw,fedavg,10.0,grad_ascent,,
attack_alpha0.5_by_mode,9,5,0.4342847577921151,0.3424701047793013,0.526099410804929,B,unsw,fedavg,10.0,label_flip,,
attack_alpha0.5_by_mode,6,5,0.45033944582241575,0.37303005113193666,0.5276488405128948,B,unsw,fedavg,10.0,none,,
attack_alpha0.5_by_mode,8,5,0.2891652770811766,0.19727783923858122,0.381052714923772,B,unsw,fedavg,10.0,sign_flip_topk,,
attack_alpha0.5_by_mode,7,5,0.41870916356778387,0.3290316894384407,0.5083866376971271,B,unsw,fedavg,10.0,targeted_label,,
attack_alpha0.5_by_mode,6,5,0.11853110917619543,-0.049711590765094696,0.28677380911748557,B,unsw,fedavg,20.0,grad_ascent,,
attack_alpha0.5_by_mode,6,5,0.4092268368719187,0.26945062292397237,0.549003050819865,B,unsw,fedavg,20.0,label_flip,,
attack_alpha0.5_by_mode,7,5,0.23365008290456202,0.12199501651342176,0.3453051492957023,B,unsw,fedavg,20.0,sign_flip_topk,,
attack_alpha0.5_by_mode,6,5,0.35870800449960893,0.30556458818194615,0.4118514208172717,B,unsw,fedavg,20.0,targeted_label,,
attack_alpha0.5_by_mode,6,5,0.08783743773601628,0.01646418448657415,0.15921069098545843,B,unsw,fedavg,30.0,grad_ascent,,
attack_alpha0.5_by_mode,6,5,0.358048365443238,0.2118699483681148,0.5042267825183612,B,unsw,fedavg,30.0,label_flip,,
attack_alpha0.5_by_mode,6,5,0.4190455547536181,0.3764670497699396,0.4616240597372966,B,unsw,fedavg,30.0,none,,
attack_alpha0.5_by_mode,5,5,0.20392004329604113,0.07474849262144706,0.3330915939706352,B,unsw,fedavg,30.0,sign_flip_topk,,
attack_alpha0.5_by_mode,8,5,0.3243328500438559,0.26312704359232114,0.3855386564953907,B,unsw,fedavg,30.0,targeted_label,,
attack_alpha0.5_by_mode,5,5,0.3895606343714624,0.2647647345810694,0.5143565341618553,B,unsw,krum,10.0,grad_ascent,,
attack_alpha0.5_by_mode,6,5,0.4577401277493238,0.3468559630428129,0.5686242924558347,B,unsw,krum,10.0,label_flip,,
attack_alpha0.5_by_mode,5,5,0.43011187461276046,0.386299684247451,0.47392406497806994,B,unsw,krum,10.0,none,,
attack_alpha0.5_by_mode,7,5,0.3382486011472527,0.2897137603122973,0.3867834419822081,B,unsw,krum,10.0,sign_flip_topk,,
attack_alpha0.5_by_mode,7,5,0.4188693628087083,0.30791425820962726,0.5298244674077893,B,unsw,krum,10.0,targeted_label,,
attack_alpha0.5_by_mode,8,5,0.31058037464100186,0.23715240994553666,0.38400833933646705,B,unsw,krum,20.0,grad_ascent,,
attack_alpha0.5_by_mode,6,5,0.44446337756958226,0.3216426435407865,0.567284111598378,B,unsw,krum,20.0,label_flip,,
attack_alpha0.5_by_mode,7,5,0.32097381440379785,0.2870350947659338,0.3549125340416619,B,unsw,krum,20.0,sign_flip_topk,,
attack_alpha0.5_by_mode,6,5,0.3670710960908646,0.28875554776343043,0.4453866444182987,B,unsw,krum,20.0,targeted_label,,
attack_alpha0.5_by_mode,7,5,0.23346297358858153,0.17405773035072997,0.2928682168264331,B,unsw,krum,30.0,grad_ascent,,
attack_alpha0.5_by_mode,5,5,0.394996675914893,0.24931471418889464,0.5406786376408914,B,unsw,krum,30.0,label_flip,,
attack_alpha0.5_by_mode,8,5,0.4131328484136772,0.35944624338041126,0.46681945344694314,B,unsw,krum,30.0,none,,
attack_alpha0.5_by_mode,7,5,0.26112453999661017,0.20370866093104073,0.3185404190621796,B,unsw,krum,30.0,sign_flip_topk,,
attack_alpha0.5_by_mode,6,5,0.33531313448384986,0.25392518690153526,0.41670108206616446,B,unsw,krum,30.0,targeted_label,,
attack_alpha0.5_by_mode,5,5,0.4361727681314197,0.31791571817175385,0.5544298180910855,B,unsw,median,10.0,grad_ascent,,
attack_alpha0.5_by_mode,6,5,0.44976713956951403,0.3298471385114518,0.5696871406275762,B,unsw,median,10.0,label_flip,,
attack_alpha0.5_by_mode,6,5,0.43463684025628563,0.34216859882675754,0.5271050816858137,B,unsw,median,10.0,none,,
attack_alpha0.5_by_mode,7,5,0.36514582599811085,0.30864474607575093,0.42164690592047077,B,unsw,median,10.0,sign_flip_topk,,
attack_alpha0.5_by_mode,7,5,0.46532225630889945,0.36527903714773724,0.5653654754700617,B,unsw,median,10.0,targeted_label,,
attack_alpha0.5_by_mode,6,5,0.3412899665745492,0.22373231678352956,0.4588476163655688,B,unsw,median,20.0,grad_ascent,,
attack_alpha0.5_by_mode,6,5,0.44526147197597815,0.30432827539737617,0.5861946685545801,B,unsw,median,20.0,label_flip,,
attack_alpha0.5_by_mode,9,5,0.34063635368366246,0.2776416626868079,0.403631044680517,B,unsw,median,20.0,sign_flip_topk,,
attack_alpha0.5_by_mode,7,5,0.3967513755128742,0.3389395436464106,0.4545632073793378,B,unsw,median,20.0,targeted_label,,
attack_alpha0.5_by_mode,7,5,0.2511816113630037,0.19227852363796172,0.3100846990880457,B,unsw,median,30.0,grad_ascent,,
attack_alpha0.5_by_mode,8,5,0.3898022817947818,0.3019338402013826,0.47767072338818106,B,unsw,median,30.0,label_flip,,
attack_alpha0.5_by_mode,7,5,0.43690391427558606,0.3791294696423097,0.4946783589088624,B,unsw,median,30.0,none,,
attack_alpha0.5_by_mode,7,5,0.29123580360558676,0.24840805492268114,0.3340635522884924,B,unsw,median,30.0,sign_flip_topk,,
attack_alpha0.5_by_mode,6,5,0.3833664876344667,0.3161817200073933,0.45055125526154005,B,unsw,median,30.0,targeted_label,,
heterogeneity_fedavg,20,20,0.3323942544090956,0.2825907088501097,0.3821977999680815,A,cic,,,,0.02,
heterogeneity_fedavg,20,20,0.3179686162749676,0.2742339285975559,0.36170330395237926,A,cic,,,,0.05,
heterogeneity_fedavg,20,20,0.332861337960202,0.30398916296632006,0.36173351295408396,A,cic,,,,0.1,
heterogeneity_fedavg,20,20,0.3516847904467219,0.32888273352079794,0.37448684737264587,A,cic,,,,0.2,
heterogeneity_fedavg,64,20,0.3945173975934977,0.3804567181562691,0.4085780770307263,A,cic,,,,0.5,
heterogeneity_fedavg,21,21,0.4612131388056685,0.4486793084670011,0.4737469691443359,A,cic,,,,1.0,
heterogeneity_fedavg,20,20,0.522639225577098,0.5102511152709911,0.5350273358832048,A,cic,,,,inf,
heterogeneity_fedavg,18,18,0.3935702522904358,0.35493277896040093,0.43220772562047066,A,edge-iiotset-full,,,,0.02,
heterogeneity_fedavg,18,18,0.48871376426954793,0.4490044459647361,0.5284230825743598,A,edge-iiotset-full,,,,0.05,
heterogeneity_fedavg,15,15,0.5882799708568803,0.5617721392952342,0.6147878024185265,A,edge-iiotset-full,,,,0.1,
heterogeneity_fedavg,15,15,0.6448015652933561,0.6335965243162202,0.656006606270492,A,edge-iiotset-full,,,,0.2,
heterogeneity_fedavg,15,15,0.6673980232924084,0.6585552386186646,0.6762408079661522,A,edge-iiotset-full,,,,0.5,
heterogeneity_fedavg,13,13,0.684640352304653,0.6775082096236169,0.6917724949856892,A,edge-iiotset-full,,,,1.0,
heterogeneity_fedavg,15,15,0.7127207697626636,0.7077738779425075,0.7176676615828198,A,edge-iiotset-full,,,,inf,
heterogeneity_fedavg,30,20,0.7379888262659766,0.6446087986109538,0.8313688539209995,A,unsw,,,,0.02,
heterogeneity_fedavg,33,20,0.53466337626464,0.4709854206542801,0.5983413318749998,A,unsw,,,,0.05,
heterogeneity_fedavg,32,19,0.5163993715499815,0.46185581121889524,0.5709429318810678,A,unsw,,,,0.1,
heterogeneity_fedavg,34,20,0.4447739484601504,0.40690279802053936,0.4826450988997614,A,unsw,,,,0.2,
heterogeneity_fedavg,92,20,0.3888235021956408,0.3711342904573367,0.40651271393394495,A,unsw,,,,0.5,
heterogeneity_fedavg,43,21,0.4347621895910899,0.416005783052667,0.45351859612951284,A,unsw,,,,1.0,
heterogeneity_fedavg,33,20,0.4204443417456057,0.40612055833001565,0.43476812516119573,A,unsw,,,,inf,
fedprox_nonzero_mu,10,5,0.3283124618020765,0.2866509451858065,0.3699739784183465,B,cic,,,,0.02,0.002
fedprox_nonzero_mu,5,5,0.28491356044488647,0.20276948342657072,0.3670576374632022,B,cic,,,,0.02,0.005
fedprox_nonzero_mu,5,5,0.2940445625977919,0.1892961235510835,0.39879300164450027,B,cic,,,,0.02,0.01
fedprox_nonzero_mu,8,8,0.30295634259943927,0.2285279580965111,0.3773847271023674,B,cic,,,,0.02,0.02
fedprox_nonzero_mu,6,5,0.25741731608242024,0.20704998371600225,0.30778464844883824,B,cic,,,,0.02,0.05
fedprox_nonzero_mu,5,5,0.23677279675402924,0.18461398653575792,0.2889316069723006,B,cic,,,,0.02,0.08
fedprox_nonzero_mu,5,5,0.24372441174269657,0.1835359725429386,0.30391285094245457,B,cic,,,,0.02,0.1
fedprox_nonzero_mu,5,5,0.22393365474790441,0.17696841874575786,0.27089889075005097,B,cic,,,,0.02,0.2
fedprox_nonzero_mu,5,5,0.34913612017063067,0.24616703726960332,0.452105203071658,B,cic,,,,0.05,0.002
fedprox_nonzero_mu,5,5,0.3373281516730543,0.20708643604711036,0.46756986729899824,B,cic,,,,0.05,0.005
fedprox_nonzero_mu,5,5,0.3079201111845701,0.20237023755529054,0.4134699848138496,B,cic,,,,0.05,0.01
fedprox_nonzero_mu,6,5,0.27100240282782667,0.21380890157399632,0.328195904081657,B,cic,,,,0.05,0.02
fedprox_nonzero_mu,5,5,0.2595025654394561,0.18640577226731336,0.33259935861159884,B,cic,,,,0.05,0.05
fedprox_nonzero_mu,5,5,0.24978685970928108,0.18369222912290942,0.3158814902956527,B,cic,,,,0.05,0.08
fedprox_nonzero_mu,5,5,0.24636474365963643,0.17753890358633748,0.3151905837329354,B,cic,,,,0.05,0.1
fedprox_nonzero_mu,5,5,0.21871550601265505,0.18849481182373395,0.24893620020157614,B,cic,,,,0.05,0.2
fedprox_nonzero_mu,8,8,0.21651894472107458,0.16799192247947206,0.2650459669626771,B,cic,,,,0.05,1.0
fedprox_nonzero_mu,5,5,0.3693778073155042,0.29770030345710113,0.4410553111739072,B,cic,,,,0.1,0.002
fedprox_nonzero_mu,5,5,0.36710926070968475,0.3112744172532373,0.4229441041661322,B,cic,,,,0.1,0.005
fedprox_nonzero_mu,5,5,0.3288051880049781,0.26115197950682373,0.39645839650313247,B,cic,,,,0.1,0.01
fedprox_nonzero_mu,6,5,0.3176351786656027,0.26017572113860205,0.37509463619260336,B,cic,,,,0.1,0.02
fedprox_nonzero_mu,5,5,0.27298427853507634,0.20134091781819624,0.34462763925195644,B,cic,,,,0.1,0.05
fedprox_nonzero_mu,5,5,0.252992712000109,0.19958799221172135,0.3063974317884966,B,cic,,,,0.1,0.08
fedprox_nonzero_mu,5,5,0.24418770759707709,0.19493571380490918,0.293439701389245,B,cic,,,,0.1,0.1
fedprox_nonzero_mu,5,5,0.2291252422704312,0.17943742744568167,0.2788130570951808,B,cic,,,,0.1,0.2
fedprox_nonzero_mu,8,8,0.18682249634149917,0.14712040363871326,0.22652458904428507,B,cic,,,,0.1,1.0
fedprox_nonzero_mu,5,5,0.4236447032343083,0.40352476318971375,0.44376464327890286,B,cic,,,,0.2,0.002
fedprox_nonzero_mu,6,5,0.38036815223166603,0.3708217540888092,0.3899145503745229,B,cic,,,,0.2,0.005
fedprox_nonzero_mu,5,5,0.3368676796490529,0.3142396824539688,0.35949567684413697,B,cic,,,,0.2,0.01
fedprox_nonzero_mu,6,5,0.3306302608386306,0.29868975459705627,0.36257076708020497,B,cic,,,,0.2,0.02
fedprox_nonzero_mu,5,5,0.30695982785753173,0.27893993364884956,0.3349797220662139,B,cic,,,,0.2,0.05
fedprox_nonzero_mu,6,5,0.2886464853016671,0.26485158724752034,0.31244138335581384,B,cic,,,,0.2,0.08
fedprox_nonzero_mu,5,5,0.27002104558183093,0.2588583139238926,0.2811837772397693,B,cic,,,,0.2,0.1
fedprox_nonzero_mu,6,5,0.25715809974664744,0.24313440165754657,0.2711817978357483,B,cic,,,,0.2,0.2
fedprox_nonzero_mu,8,8,0.22112245457620483,0.2056807133712415,0.23656419578116816,B,cic,,,,0.2,0.5
fedprox_nonzero_mu,5,5,0.4927429093417528,0.4698570831584726,0.5156287355250331,B,cic,,,,0.5,0.002
fedprox_nonzero_mu,5,5,0.45702859723396844,0.44093483833208913,0.47312235613584774,B,cic,,,,0.5,0.005
fedprox_nonzero_mu,6,5,0.42597068005321015,0.39872643160907206,0.45321492849734824,B,cic,,,,0.5,0.01
fedprox_nonzero_mu,5,5,0.3919759687261718,0.3610797665297878,0.4228721709225558,B,cic,,,,0.5,0.02
fedprox_nonzero_mu,5,5,0.3371684882323771,0.29943428054387977,0.37490269592087444,B,cic,,,,0.5,0.05
fedprox_nonzero_mu,5,5,0.3203201098046434,0.2798056241146292,0.36083459549465763,B,cic,,,,0.5,0.08
fedprox_nonzero_mu,5,5,0.3058764755645874,0.27176545247088707,0.33998749865828776,B,cic,,,,0.5,0.1
fedprox_nonzero_mu,5,5,0.2643010526513806,0.22711727415323368,0.3014848311495275,B,cic,,,,0.5,0.2
fedprox_nonzero_mu,8,8,0.22643660434086937,0.20562953775069068,0.24724367093104807,B,cic,,,,0.5,0.5
fedprox_nonzero_mu,5,5,0.5496699100293181,0.5113677057092019,0.5879721143494343,B,cic,,,,1.0,0.002
fedprox_nonzero_mu,6,5,0.5106438266042898,0.4867053978190976,0.5345822553894819,B,cic,,,,1.0,0.005
fedprox_nonzero_mu,5,5,0.48382465216207005,0.45909377945132457,0.5085555248728155,B,cic,,,,1.0,0.01
fedprox_nonzero_mu,5,5,0.4360025768991398,0.4040993388328278,0.4679058149654518,B,cic,,,,1.0,0.02
fedprox_nonzero_mu,5,5,0.3840685488387484,0.3658329008185035,0.4023041968589933,B,cic,,,,1.0,0.05
fedprox_nonzero_mu,5,5,0.34871133666239434,0.3214166157193429,0.3760060576054458,B,cic,,,,1.0,0.08
fedprox_nonzero_mu,5,5,0.3342812120326867,0.3092270274353171,0.35933539663005626,B,cic,,,,1.0,0.1
fedprox_nonzero_mu,5,5,0.2731335111483906,0.25604667242836976,0.2902203498684114,B,cic,,,,1.0,0.2
fedprox_nonzero_mu,8,8,0.21451652616508174,0.20234598129571404,0.22668707103444943,B,cic,,,,1.0,1.0
fedprox_nonzero_mu,5,5,0.6079076965835417,0.5854268029985898,0.6303885901684936,B,cic,,,,inf,0.002
fedprox_nonzero_mu,5,5,0.5768798152883695,0.5601342981620158,0.5936253324147233,B,cic,,,,inf,0.005
fedprox_nonzero_mu,5,5,0.5311367632624212,0.5097404502496008,0.5525330762752416,B,cic,,,,inf,0.01
fedprox_nonzero_mu,5,5,0.46121295514670263,0.4457058120256071,0.47672009826779815,B,cic,,,,inf,0.02
fedprox_nonzero_mu,6,5,0.4069773691359025,0.3901870419600965,0.42376769631170846,B,cic,,,,inf,0.05
fedprox_nonzero_mu,7,5,0.3809097700067012,0.3599176913942734,0.401901848619129,B,cic,,,,inf,0.08
fedprox_nonzero_mu,6,5,0.362674463400591,0.3352133478968136,0.3901355789043684,B,cic,,,,inf,0.1
fedprox_nonzero_mu,5,5,0.31363113145685173,0.29330105153261926,0.3339612113810842,B,cic,,,,inf,0.2
fedprox_nonzero_mu,8,8,0.25971185322924384,0.2546655527539245,0.2647581537045632,B,cic,,,,inf,0.5
fedprox_nonzero_mu,6,6,0.49620049933239124,0.39729534852000736,0.5951056501447751,B,edge-iiotset-full,,,,0.02,0.02
fedprox_nonzero_mu,8,8,0.6016032613308429,0.5808462337324639,0.6223602889292218,B,edge-iiotset-full,,,,0.05,1.0
fedprox_nonzero_mu,10,5,0.501081211462962,0.412415460533145,0.5897469623927791,B,edge-iiotset-full,,,,0.1,0.01
fedprox_nonzero_mu,10,5,0.36008508675382045,0.2536139613509587,0.4665562121566822,B,edge-iiotset-full,,,,0.1,0.1
fedprox_nonzero_mu,8,8,0.6309478933134336,0.5545920629070675,0.7073037237197997,B,edge-iiotset-full,,,,0.1,1.0
fedprox_nonzero_mu,8,8,0.666706963050459,0.6415106088850445,0.6919033172158734,B,edge-iiotset-full,,,,0.2,0.5
fedprox_nonzero_mu,10,5,0.6471056654634374,0.6167920378991317,0.6774192930277431,B,edge-iiotset-full,,,,0.5,0.01
fedprox_nonzero_mu,10,5,0.555055024687585,0.5208828200405311,0.589227229334639,B,edge-iiotset-full,,,,0.5,0.1
fedprox_nonzero_mu,8,8,0.68379830967509,0.6735933866789495,0.6940032326712305,B,edge-iiotset-full,,,,0.5,0.5
fedprox_nonzero_mu,10,5,0.6665971373388507,0.6506983040171104,0.6824959706605911,B,edge-iiotset-full,,,,1.0,0.01
fedprox_nonzero_mu,10,5,0.5558292157781942,0.5356076771872178,0.5760507543691706,B,edge-iiotset-full,,,,1.0,0.1
fedprox_nonzero_mu,8,8,0.6832101252726591,0.6731316580469192,0.693288592498399,B,edge-iiotset-full,,,,1.0,1.0
fedprox_nonzero_mu,10,5,0.7025782127619455,0.6829908016606762,0.7221656238632149,B,edge-iiotset-full,,,,inf,0.01
fedprox_nonzero_mu,10,5,0.5778139687341279,0.5737696094665413,0.5818583280017146,B,edge-iiotset-full,,,,inf,0.1
fedprox_nonzero_mu,8,8,0.7215618469319836,0.7140593985178257,0.7290642953461414,B,edge-iiotset-full,,,,inf,0.5
fedprox_nonzero_mu,15,5,0.7731701380011489,0.6125847267568736,0.9337555492454241,B,unsw,,,,0.02,0.002
fedprox_nonzero_mu,17,5,0.647112223374403,0.4873774609275795,0.8068469858212265,B,unsw,,,,0.02,0.005
fedprox_nonzero_mu,17,5,0.7336236852430257,0.583476911909361,0.8837704585766903,B,unsw,,,,0.02,0.01
fedprox_nonzero_mu,21,8,0.7046867478029722,0.5730283095307898,0.8363451860751547,B,unsw,,,,0.02,0.02
fedprox_nonzero_mu,17,5,0.6824993332557713,0.5243211180310143,0.8406775484805282,B,unsw,,,,0.02,0.05
fedprox_nonzero_mu,15,5,0.6689035697298036,0.48958231148246345,0.8482248279771437,B,unsw,,,,0.02,0.08
fedprox_nonzero_mu,15,5,0.6583538494429094,0.4743871995289751,0.8423204993568437,B,unsw,,,,0.02,0.1
fedprox_nonzero_mu,19,5,0.6531270494291924,0.5052160863784448,0.80103801247994,B,unsw,,,,0.02,0.2
fedprox_nonzero_mu,15,5,0.47884193508027983,0.4241586122169242,0.5335252579436355,B,unsw,,,,0.05,0.002
fedprox_nonzero_mu,16,5,0.432045184697745,0.3861862358185417,0.4779041335769483,B,unsw,,,,0.05,0.005
fedprox_nonzero_mu,15,5,0.45723144960127005,0.4140167196534052,0.5004461795491348,B,unsw,,,,0.05,0.01
fedprox_nonzero_mu,15,5,0.44183166822052766,0.39490518988704726,0.48875814655400807,B,unsw,,,,0.05,0.02
fedprox_nonzero_mu,16,5,0.423319374912481,0.37135343642905805,0.47528531339590396,B,unsw,,,,0.05,0.05
fedprox_nonzero_mu,15,5,0.4211576683589543,0.3707654032815216,0.471549933436387,B,unsw,,,,0.05,0.08
fedprox_nonzero_mu,14,5,0.43675001496235755,0.385098098835425,0.4884019310892901,B,unsw,,,,0.05,0.1
fedprox_nonzero_mu,16,5,0.39923091003508676,0.3577563246868403,0.4407054953833332,B,unsw,,,,0.05,0.2
fedprox_nonzero_mu,11,8,0.38156940746559803,0.3257614592535381,0.43737735567765795,B,unsw,,,,0.05,1.0
fedprox_nonzero_mu,14,5,0.5026567560081369,0.41296241358383406,0.5923510984324396,B,unsw,,,,0.1,0.002
fedprox_nonzero_mu,16,5,0.4822913735242732,0.3932489692630644,0.571333777785482,B,unsw,,,,0.1,0.005
fedprox_nonzero_mu,24,5,0.4863542038784174,0.4132751155468979,0.5594332922099369,B,unsw,,,,0.1,0.01
fedprox_nonzero_mu,20,5,0.43642803360363597,0.3633524042684138,0.5095036629388581,B,unsw,,,,0.1,0.02
fedprox_nonzero_mu,14,5,0.44523100155275624,0.36475005903232194,0.5257119440731906,B,unsw,,,,0.1,0.05
fedprox_nonzero_mu,16,5,0.41479845609781335,0.33643494101895766,0.49316197117666905,B,unsw,,,,0.1,0.08
fedprox_nonzero_mu,25,5,0.4275787684829664,0.3691895817809093,0.48596795518502345,B,unsw,,,,0.1,0.1
fedprox_nonzero_mu,15,5,0.4052126866860614,0.32381202497601885,0.486613348396104,B,unsw,,,,0.1,0.2
fedprox_nonzero_mu,9,7,0.46116462996037044,0.3138786924872419,0.608450567433499,B,unsw,,,,0.1,1.0
fedprox_nonzero_mu,19,5,0.42505731675934905,0.3727246089496565,0.4773900245690416,B,unsw,,,,0.2,0.002
fedprox_nonzero_mu,17,5,0.4485847964095729,0.3821851483697591,0.5149844444493867,B,unsw,,,,0.2,0.005
fedprox_nonzero_mu,21,5,0.4147484022602312,0.36007285214488194,0.46942395237558043,B,unsw,,,,0.2,0.01
fedprox_nonzero_mu,20,5,0.38356301595951614,0.33303185570225924,0.43409417621677304,B,unsw,,,,0.2,0.02
fedprox_nonzero_mu,17,5,0.3861490436423266,0.3233559119357981,0.4489421753488551,B,unsw,,,,0.2,0.05
fedprox_nonzero_mu,17,5,0.3893230057438789,0.3289344774387925,0.4497115340489653,B,unsw,,,,0.2,0.08
fedprox_nonzero_mu,18,5,0.3878730807295424,0.3255400261983545,0.45020613526073033,B,unsw,,,,0.2,0.1
fedprox_nonzero_mu,19,5,0.37583985955501936,0.3212639615205994,0.43041575758943934,B,unsw,,,,0.2,0.2
fedprox_nonzero_mu,10,8,0.38978502393722414,0.32600762310719245,0.45356242476725583,B,unsw,,,,0.2,0.5
fedprox_nonzero_mu,18,5,0.4535831197227503,0.39942290784392703,0.5077433316015735,B,unsw,,,,0.5,0.002
fedprox_nonzero_mu,20,5,0.43289261860408834,0.3832222822936915,0.4825629549144852,B,unsw,,,,0.5,0.005
fedprox_nonzero_mu,32,5,0.42912555841467254,0.39091234931141206,0.467338767517933,B,unsw,,,,0.5,0.01
fedprox_nonzero_mu,18,5,0.42809640352000694,0.37299479776172484,0.48319800927828904,B,unsw,,,,0.5,0.02
fedprox_nonzero_mu,19,5,0.41825006120453656,0.3629280651010246,0.4735720573080485,B,unsw,,,,0.5,0.05
fedprox_nonzero_mu,17,5,0.4000074401260931,0.351685428903919,0.4483294513482671,B,unsw,,,,0.5,0.08
fedprox_nonzero_mu,32,5,0.42785815399078786,0.3874920704302506,0.46822423755132514,B,unsw,,,,0.5,0.1
fedprox_nonzero_mu,18,5,0.38377078123780906,0.33952424006950416,0.42801732240611395,B,unsw,,,,0.5,0.2
fedprox_nonzero_mu,10,8,0.39355895451836276,0.3205057121828852,0.4666121968538403,B,unsw,,,,0.5,0.5
fedprox_nonzero_mu,16,5,0.4369153205155162,0.40312406527052025,0.4707065757605121,B,unsw,,,,1.0,0.002
fedprox_nonzero_mu,15,5,0.42862746091573534,0.39535176703851466,0.461903154792956,B,unsw,,,,1.0,0.005
fedprox_nonzero_mu,30,5,0.41960058128320943,0.3950043879262729,0.44419677464014595,B,unsw,,,,1.0,0.01
fedprox_nonzero_mu,15,5,0.4088960621876241,0.377874887806952,0.4399172365682962,B,unsw,,,,1.0,0.02
fedprox_nonzero_mu,15,5,0.39121744580783513,0.3639771353831599,0.41845775623251036,B,unsw,,,,1.0,0.05
fedprox_nonzero_mu,18,5,0.39092423070482457,0.3660350959212969,0.41581336548835224,B,unsw,,,,1.0,0.08
fedprox_nonzero_mu,27,5,0.4054307968994727,0.3904464314139148,0.4204151623850306,B,unsw,,,,1.0,0.1
fedprox_nonzero_mu,19,5,0.3659108354434756,0.333807215443707,0.39801445544324415,B,unsw,,,,1.0,0.2
fedprox_nonzero_mu,11,8,0.3740092999082195,0.3296073509129918,0.4184112489034472,B,unsw,,,,1.0,1.0
fedprox_nonzero_mu,18,5,0.43432082079157514,0.4066799116645826,0.46196172991856765,B,unsw,,,,inf,0.002
fedprox_nonzero_mu,20,5,0.4126583512263854,0.38672733144320165,0.43858937100956913,B,unsw,,,,inf,0.005
fedprox_nonzero_mu,31,5,0.41135784423015587,0.3998925685449658,0.42282311991534594,B,unsw,,,,inf,0.01
fedprox_nonzero_mu,18,5,0.3984450886103717,0.3827599111152055,0.4141302661055379,B,unsw,,,,inf,0.02
fedprox_nonzero_mu,23,5,0.37350769131656153,0.34778009730165416,0.3992352853314689,B,unsw,,,,inf,0.05
fedprox_nonzero_mu,18,5,0.381693310028047,0.3547761493892593,0.40861047066683476,B,unsw,,,,inf,0.08
fedprox_nonzero_mu,33,5,0.3937174800874847,0.37725510924838235,0.41017985092658704,B,unsw,,,,inf,0.1
fedprox_nonzero_mu,18,5,0.3813235615686599,0.35303708215891627,0.4096100409784035,B,unsw,,,,inf,0.2
fedprox_nonzero_mu,10,8,0.4027291330247322,0.373861461240175,0.43159680480928936,B,unsw,,,,inf,0.5
